46485454BA9BFF60;12/08/2025
46485454999F5808;12/08/2025
464854549A036528;12/08/2025
464854549EC1C970;12/08/2025
46485454BA95C7A8;12/08/2025
464854549ED3A678;12/08/2025
464854549A01A6A0;12/08/2025
464854549B131D30;12/08/2025
464854549BC92CF8;12/08/2025
464854549A111170;12/08/2025
464854549A036538;12/08/2025
46485454BA9F04E8;12/08/2025
46485454BA93CE80;12/08/2025
464854549ED7BC38;12/08/2025
464854549ECE5EC0;12/08/2025
464854549D7341B8;12/08/2025
464854549BCC64E8;12/08/2025
464854549BC834B8;12/08/2025
464854549CBCBD88;12/08/2025
464854549D720E50;12/08/2025
464854549ECC74F0;12/08/2025
464854549B0C2788;12/08/2025
464854549C6C9210;12/08/2025
4648545499A2CCA8;12/08/2025
464854549CF0F388;12/08/2025
464854549EA30F40;12/08/2025
464854549C7882A0;12/08/2025
464854549D745070;12/08/2025
464854549A09F188;12/08/2025
464854549CC69280;12/08/2025
464854549CF218B8;12/08/2025
464854549CC721A8;12/08/2025
46485454BAB22620;12/08/2025
46485454BA945740;12/08/2025
464854549ECB5770;12/08/2025
46485454BAA54300;12/08/2025
464854549A190170;12/08/2025
464854549CC12ED0;12/08/2025
46485454999D8498;12/08/2025
464854549E2243C0;12/08/2025
464854549D73D370;12/08/2025
464854549EA38EA8;12/08/2025
46485454BA9A2618;12/08/2025
464854549CF2B788;12/08/2025
464854549A171C50;12/08/2025
464854549ED5E0A8;12/08/2025
464854549E1D9340;12/08/2025
464854549EA30038;12/08/2025
464854549D74F4D8;12/08/2025
464854549CC21100;12/08/2025
4648545499A1D4F0;12/08/2025
464854549EA41EA8;12/08/2025
464854549EDF3DD8;12/08/2025
46485454BA9DCEC8;12/08/2025
464854549E233DE0;12/08/2025
464854549E9FF608;12/08/2025
464854549E29E8F8;12/08/2025
4648545499C2A600;12/08/2025
464854549CBAF020;12/08/2025
46485454BAA2D0D8;12/08/2025
464854549EDF3258;12/08/2025
464854549EBEF6B8;12/08/2025
464854549CF623E8;12/08/2025
464854549EAE3090;12/08/2025
46485454BA9321D8;12/08/2025
464854549E243C00;12/08/2025
464854549EC82D78;12/08/2025
464854549EB465B0;12/08/2025
464854549CC213F8;12/08/2025
464854549E1D4210;12/08/2025
464854549D745A60;12/08/2025
464854549CF17240;12/08/2025
46485454BAB470C0;12/08/2025
464854549B0F1E50;12/08/2025
464854549ECB9ED8;12/08/2025
464854549EB37978;12/08/2025
464854549E2ED1E8;12/08/2025
46485454BA9F21E8;12/08/2025
464854549D7422C8;12/08/2025
464854549E1DAE28;12/08/2025
464854549CD77CF0;12/08/2025
46485454BAA73A58;12/08/2025
464854549EAB74D8;12/08/2025
464854549A095CF0;12/08/2025
46485454BA9BC468;12/08/2025
46485454BA96FF70;12/08/2025
464854549CE5ACE8;12/08/2025
464854549CF20A68;12/08/2025
464854549CF72BE0;12/08/2025
464854549D6760F8;12/08/2025
464854549EA2E678;12/08/2025
464854549EA15640;12/08/2025
464854549A1096C0;12/08/2025
464854549E2CF640;12/08/2025
464854549EBB8618;12/08/2025
46485454BAA63E30;12/08/2025
464854549CEF3408;12/08/2025
464854549C78F230;12/08/2025
464854549BCFF720;12/08/2025
464854549CC24FD8;12/08/2025
464854549E22E110;12/08/2025
464854549EC06E30;12/08/2025
46485454BA9F78B0;12/08/2025
464854549BD04B90;12/08/2025
464854549BCFC6C8;12/08/2025
464854549A172740;12/08/2025
46485454BAB37F78;12/08/2025
464854549EDFFF80;12/08/2025
464854549E99C718;12/08/2025
464854549CF18970;12/08/2025
464854549C686040;12/08/2025
464854549CC4F148;12/08/2025
464854549D713B00;12/08/2025
464854549E240F08;12/08/2025
464854549CC01BD0;12/08/2025
464854549A0DABD0;12/08/2025
46485454BAA326D0;12/08/2025
464854549E2C6C50;12/08/2025
464854549EB38FF0;12/08/2025
464854549CBA9E28;12/08/2025
464854549CF592D0;12/08/2025
464854549D66ECE8;12/08/2025
464854549EBCBB58;12/08/2025
464854549E9D8D68;12/08/2025
464854549D688C78;12/08/2025
464854549CD7D300;12/08/2025
464854549ED39AE0;12/08/2025
464854549D742420;12/08/2025
464854549CE3C780;12/08/2025
464854549EC05F70;12/08/2025
46485454999F0CE8;12/08/2025
464854549E2282D0;12/08/2025
464854549CC88228;12/08/2025
464854549A0EF5E0;12/08/2025
46485454BAB40718;12/08/2025
4648545499C2A2C8;12/08/2025
46485454BAA422A8;12/08/2025
464854549CBB8D30;12/08/2025
464854549CC967F8;12/08/2025
464854549EDFB2C8;12/08/2025
46485454BAB3D260;12/08/2025
46485454BAA73488;12/08/2025
46485454BAA30170;12/08/2025
464854549E9A8758;12/08/2025
464854549D758320;12/08/2025
464854549D689FD8;12/08/2025
46485454BA9E81B8;12/08/2025
464854549EB03128;12/08/2025
46485454BAAEDEF8;12/08/2025
464854549BCC5CE0;12/08/2025
46485454BA977FB8;12/08/2025
464854549E27A570;12/08/2025
46485454BAAE1C70;12/08/2025
464854549E9C71B0;12/08/2025
46485454BA9788F8;12/08/2025
46485454BAB44A90;12/08/2025
464854549ECECE48;12/08/2025
464854549CC63A60;12/08/2025
464854549B0E13E8;12/08/2025
464854549E2CF9D0;12/08/2025
464854549EAD0820;12/08/2025
464854549CF3AAF8;12/08/2025
464854549E272BE0;12/08/2025
464854549CC7A658;12/08/2025
464854549D7595A8;12/08/2025
464854549E9D5F48;12/08/2025
464854549ED72CB8;12/08/2025
46485454BAB3D808;12/08/2025
464854549CC922C8;12/08/2025
464854549D742320;12/08/2025
464854549A17DEA8;12/08/2025
46485454BAAFA1A8;12/08/2025
464854549CC119A0;12/08/2025
464854549CF2AFB8;12/08/2025
464854549BCB62E0;12/08/2025
464854549EDF85B8;12/08/2025
464854549EA710F0;12/08/2025
464854549B14C8B8;12/08/2025
464854549EA44ED8;12/08/2025
464854549A1056A8;12/08/2025
464854549A054660;12/08/2025
464854549EBA59E0;12/08/2025
464854549D736010;12/08/2025
464854549BCAA3A8;12/08/2025
464854549E2231C0;12/08/2025
464854549EA0E010;12/08/2025
46485454BA948CA8;12/08/2025
464854549C5A9830;12/08/2025
464854549D713A20;12/08/2025
464854549A0EB860;12/08/2025
464854549ED46F20;12/08/2025
46485454BA9D6DB8;12/08/2025
464854549CE51100;12/08/2025
4648545499A012E0;12/08/2025
464854549A05D3E8;12/08/2025
46485454BA99A390;12/08/2025
464854549E1EC280;12/08/2025
464854549E2C82E0;12/08/2025
464854549EBF9E40;12/08/2025
464854549A058F48;12/08/2025
464854549D71BCF0;12/08/2025
464854549D7239A8;12/08/2025
464854549EA2B380;12/08/2025
464854549C77DD98;12/08/2025
464854549B0F06F8;12/08/2025
464854549E22C0C0;12/08/2025
464854549E2213F0;12/08/2025
464854549D79CB20;12/08/2025
464854549CF07580;12/08/2025
464854549A087828;12/08/2025
464854549A032698;12/08/2025
464854549A08AB78;12/08/2025
46485454BAA631D0;12/08/2025
464854549CC2B790;12/08/2025
464854549CDA0090;12/08/2025
464854549EBA83B0;12/08/2025
4648545499C332F8;12/08/2025
464854549D799DE8;12/08/2025
46485454BA9574A0;12/08/2025
464854549BCEFE80;12/08/2025
464854549D713F20;12/08/2025
464854549E9E7F90;12/08/2025
46485454BA9FB7A8;12/08/2025
464854549D726170;12/08/2025
464854549CC54D10;12/08/2025
46485454BA9350B0;12/08/2025
464854549BCEAFC8;12/08/2025
464854549D67C1A8;12/08/2025
464854549EB3FA28;12/08/2025
464854549CBB4B50;12/08/2025
464854549ED58230;12/08/2025
464854549D687D78;12/08/2025
46485454BA9577F0;12/08/2025
464854549B0C7D10;12/08/2025
464854549CE33920;12/08/2025
46485454BAAB62E0;12/08/2025
464854549EB98950;12/08/2025
464854549EA6C740;12/08/2025
464854549EA3E830;12/08/2025
464854549E1DBD60;12/08/2025
464854549D72D3E8;12/08/2025
464854549A0F67F8;12/08/2025
464854549BC86518;12/08/2025
464854549EA13D68;12/08/2025
4648545499A00E10;12/08/2025
464854549D71E738;12/08/2025
464854549E997EF0;12/08/2025
464854549A063340;12/08/2025
464854549D713F08;12/08/2025
464854549CD80780;12/08/2025
464854549EAF4700;12/08/2025
464854549EADB0A8;12/08/2025
464854549A2D7530;12/08/2025
464854549E259228;12/08/2025
464854549A2D8960;12/08/2025
464854549A0EB620;12/08/2025
4648545499C2F998;12/08/2025
464854549EB3A498;12/08/2025
46485454BA957D38;12/08/2025
464854549CDAD730;12/08/2025
464854549CD7E3D0;12/08/2025
464854549E1E6A28;12/08/2025
464854549E1D97D8;12/08/2025
464854549C77ECB8;12/08/2025
464854549CC4D590;12/08/2025
464854549D792D80;12/08/2025
464854549D723460;12/08/2025
464854549EA38310;12/08/2025
46485454BA9D5600;12/08/2025
46485454BA9D4838;12/08/2025
464854549EBD2110;12/08/2025
464854549E1BFC18;12/08/2025
464854549A2D7458;12/08/2025
46485454BAA5F698;12/08/2025
464854549E1D0AA8;12/08/2025
464854549EBD95C8;12/08/2025
464854549EBBADD0;12/08/2025
464854549C791AF0;12/08/2025
464854549CF60258;12/08/2025
464854549D790BD0;12/08/2025
464854549E213250;12/08/2025
46485454BAB2C0A8;12/08/2025
464854549A171CD0;12/08/2025
464854549CBFFBF8;12/08/2025
46485454999F3920;12/08/2025
464854549CC92240;12/08/2025
464854549D674AE0;12/08/2025
464854549E1FC728;12/08/2025
464854549CEFE0E8;12/08/2025
464854549BCE2C90;12/08/2025
464854549E2EE1B8;12/08/2025
464854549EA84C00;12/08/2025
464854549A05F4D0;12/08/2025
46485454BAA4C688;12/08/2025
464854549E1DBBF8;12/08/2025
464854549CC43370;12/08/2025
464854549B15A338;12/08/2025
464854549CE3D630;12/08/2025
464854549CD76298;12/08/2025
464854549EB12E10;12/08/2025
464854549CF688D0;12/08/2025
464854549D66F4E8;12/08/2025
464854549CE28230;12/08/2025
464854549ED687F0;12/08/2025
464854549A10D978;12/08/2025
464854549CDAD538;12/08/2025
464854549ED6C7D0;12/08/2025
464854549A16A448;12/08/2025
464854549EDF1548;12/08/2025
464854549E2968F8;12/08/2025
464854549E2411B8;12/08/2025
464854549C776660;12/08/2025
46485454BA9C0750;12/08/2025
464854549CC7E728;12/08/2025
46485454BAAB21E8;12/08/2025
464854549E9B23D0;12/08/2025
46485454BA955108;12/08/2025
46485454BA9F7F90;12/08/2025
464854549E9B2370;12/08/2025
464854549ED77818;12/08/2025
464854549EB861F8;12/08/2025
464854549E9AA4A0;12/08/2025
46485454BA986540;12/08/2025
464854549A0F0BD0;12/08/2025
464854549E998900;12/08/2025
46485454BAA1F728;12/08/2025
46485454BAAC4E20;12/08/2025
46485454BAA70428;12/08/2025
464854549CF1D578;12/08/2025
464854549E2D7A08;12/08/2025
46485454BAB43730;12/08/2025
464854549B0B7B90;12/08/2025
464854549E2BEB40;12/08/2025
464854549BE61ED0;12/08/2025
464854549EA993A0;12/08/2025
464854549CC0DEC0;12/08/2025
464854549D747998;12/08/2025
464854549C5ACE98;12/08/2025
46485454BA9F33C0;12/08/2025
464854549A02C328;12/08/2025
464854549BCBBF80;11/08/2025
464854549A167A98;11/08/2025
46485454999FFCD0;11/08/2025
464854549EA31AA0;11/08/2025
464854549BD115A8;11/08/2025
464854549E219150;11/08/2025
46485454BAAD1878;11/08/2025
464854549E2BE540;11/08/2025
464854549D713920;11/08/2025
4648545499A05210;11/08/2025
464854549EC87CE0;11/08/2025
464854549A0243E0;11/08/2025
46485454BAA77E48;11/08/2025
464854549EB90000;11/08/2025
464854549EC81A80;11/08/2025
464854549C6A9C68;11/08/2025
464854549EB39D00;11/08/2025
46485454BAAA7250;11/08/2025
464854549EB36F10;11/08/2025
464854549A13B050;11/08/2025
464854549EB431B0;11/08/2025
464854549EA84990;11/08/2025
46485454BA9E5B10;11/08/2025
464854549ECBAF30;11/08/2025
464854549BE6E618;11/08/2025
464854549CBD4088;11/08/2025
464854549BCCA6E0;11/08/2025
46485454BAB17060;11/08/2025
464854549CC0FBD8;11/08/2025
464854549A0C7958;11/08/2025
46485454BAAA5EC8;11/08/2025
46485454BAA52760;11/08/2025
464854549EBB9188;11/08/2025
464854549C776498;11/08/2025
464854549E2D1D20;11/08/2025
464854549CC04CA0;11/08/2025
464854549CE524C8;11/08/2025
4648545499A07540;11/08/2025
464854549B12A640;11/08/2025
464854549E24CCA0;11/08/2025
464854549CC7B6D0;11/08/2025
464854549CBD53E0;11/08/2025
464854549A0A9EC8;11/08/2025
464854549BC9E800;11/08/2025
46485454999E61A8;11/08/2025
464854549A169B30;11/08/2025
464854549CEDF508;11/08/2025
464854549BCB6AB8;11/08/2025
464854549EAA2200;11/08/2025
464854549CD9B1D8;11/08/2025
464854549CD7F1A8;11/08/2025
464854549EAF0B70;11/08/2025
46485454BA952420;11/08/2025
464854549ECBCBB0;11/08/2025
464854549EB107D0;11/08/2025
464854549E9ACF28;11/08/2025
464854549EBE69E0;11/08/2025
464854549CF3CE50;11/08/2025
46485454BA9C11E0;11/08/2025
464854549D73A6B8;11/08/2025
464854549EBA67E8;11/08/2025
464854549CBB8AB0;11/08/2025
46485454999D8380;11/08/2025
464854549BD17F28;11/08/2025
464854549A065BF8;11/08/2025
464854549E21FC68;11/08/2025
464854549EE08490;11/08/2025
464854549EAA3230;11/08/2025
464854549CD6C2B8;11/08/2025
464854549B152BB0;11/08/2025
464854549A199288;11/08/2025
464854549E258820;11/08/2025
464854549CC05B00;11/08/2025
464854549BCCFBA8;11/08/2025
464854549CE58B18;11/08/2025
464854549C77D940;11/08/2025
464854549EC27AD8;11/08/2025
46485454999EB4A8;11/08/2025
46485454BA9B0FC0;11/08/2025
464854549A136E78;11/08/2025
464854549BCAE6D0;11/08/2025
464854549CBB1808;11/08/2025
464854549A03A898;11/08/2025
4648545499A182A8;11/08/2025
464854549EC16758;11/08/2025
464854549D746FA8;11/08/2025
464854549ECD51C8;11/08/2025
464854549B0D7B00;11/08/2025
464854549EAE0750;11/08/2025
464854549CF24A48;11/08/2025
464854549E9E8810;11/08/2025
464854549EBF99D0;11/08/2025
464854549E29CFD0;11/08/2025
46485454BAA885E8;11/08/2025
46485454BAB00AA8;11/08/2025
464854549CE2EB20;11/08/2025
464854549EA40C18;11/08/2025
46485454BAAB6060;11/08/2025
46485454BAA4F1B8;11/08/2025
464854549ECE28C0;11/08/2025
464854549EC0C740;11/08/2025
464854549B0D7330;11/08/2025
46485454BAA3AEB0;11/08/2025
464854549C5B9F78;11/08/2025
464854549CEF3D68;11/08/2025
464854549EA1A3B0;11/08/2025
464854549EA71838;11/08/2025
464854549E9BE420;11/08/2025
464854549E299F78;11/08/2025
464854549ECFE140;11/08/2025
464854549C6B2E10;11/08/2025
464854549ED54A48;11/08/2025
46485454BAAC0F38;11/08/2025
464854549E1E89F0;11/08/2025
4648545499A30880;11/08/2025
464854549A118E08;11/08/2025
46485454BAB36E80;11/08/2025
46485454BA9F7048;11/08/2025
464854549E1D62D0;11/08/2025
46485454BAA9E8C8;11/08/2025
464854549ED34A98;11/08/2025
464854549A08C030;11/08/2025
464854549A0E7C38;11/08/2025
464854549EA42748;11/08/2025
464854549CF5A8E8;11/08/2025
46485454BAAF99A8;11/08/2025
464854549E99D948;11/08/2025
46485454BAA715D0;11/08/2025
464854549ECCC6B0;11/08/2025
464854549CBA8B78;11/08/2025
46485454BA99FD78;11/08/2025
464854549E1F0F28;11/08/2025
464854549CE50398;11/08/2025
46485454BAB427E8;11/08/2025
464854549CF693B8;11/08/2025
464854549EAA4EB8;11/08/2025
464854549ED48FA0;11/08/2025
46485454BAAF6378;11/08/2025
46485454BA996800;11/08/2025
464854549CE5FCA0;11/08/2025
464854549EAD2790;11/08/2025
46485454BAB3CF38;11/08/2025
464854549BCE7168;11/08/2025
464854549ECEC558;11/08/2025
46485454BAB25D60;11/08/2025
464854549CC68FF8;11/08/2025
464854549BCA1E18;11/08/2025
464854549A0478B8;11/08/2025
464854549EA72C80;11/08/2025
46485454BA956548;11/08/2025
464854549A032DC0;11/08/2025
464854549C69BBC8;11/08/2025
464854549EAC98D0;11/08/2025
464854549E2B5598;11/08/2025
464854549BE78230;11/08/2025
464854549BCBDDE8;11/08/2025
464854549BCEBA10;11/08/2025
464854549CBA9400;11/08/2025
464854549EBD23C0;11/08/2025
464854549EC02D88;11/08/2025
464854549EC9D890;11/08/2025
464854549ECD4150;11/08/2025
464854549ED20D68;11/08/2025
464854549EE0FDB8;11/08/2025
4648545499A0FB90;11/08/2025
464854549B13CE38;11/08/2025
46485454BAAB7940;11/08/2025
46485454BA97D168;11/08/2025
464854549BCCF228;11/08/2025
464854549E9E2F28;11/08/2025
464854549CBBC530;11/08/2025
464854549D73EC48;11/08/2025
46485454BA9DFDF0;11/08/2025
46485454BAAE1DE0;11/08/2025
464854549A089F58;11/08/2025
464854549C5B4FA0;11/08/2025
464854549ECC3F98;11/08/2025
464854549D690860;11/08/2025
464854549EAA84C0;11/08/2025
464854549CC84500;11/08/2025
464854549D799D58;11/08/2025
464854549CC12128;11/08/2025
464854549E9D9BB8;11/08/2025
464854549BC89B00;11/08/2025
464854549C695C18;11/08/2025
464854549BCAC330;11/08/2025
464854549EA300D0;11/08/2025
464854549CE63FF8;11/08/2025
464854549C77F8B8;11/08/2025
464854549B142F38;11/08/2025
464854549EBB8200;11/08/2025
46485454BAA37DB8;11/08/2025
464854549A125840;11/08/2025
46485454BA9897F8;11/08/2025
464854549E1ED880;11/08/2025
464854549EA40148;11/08/2025
464854549A087060;11/08/2025
464854549CF17CB0;11/08/2025
464854549A10F158;11/08/2025
464854549EA13958;11/08/2025
464854549E27D060;11/08/2025
464854549BE4EBF8;11/08/2025
464854549A08A7F0;11/08/2025
464854549A165720;11/08/2025
464854549EAB0F28;11/08/2025
464854549EB06670;11/08/2025
464854549E29D530;11/08/2025
464854549A023478;11/08/2025
464854549CE163A0;11/08/2025
46485454BA94D4B0;11/08/2025
464854549EB85D90;11/08/2025
4648545498A3AB40;11/08/2025
464854549ED17AC0;11/08/2025
464854549EB355D8;11/08/2025
464854549EA23C00;11/08/2025
46485454BA9E05B0;11/08/2025
464854549CEE4198;11/08/2025
464854549A122B18;11/08/2025
464854549BCB4890;11/08/2025
46485454999EB468;11/08/2025
464854549CC71B78;11/08/2025
464854549EA6BC28;11/08/2025
464854549E2184F0;11/08/2025
464854549E9C7000;11/08/2025
464854549CDA8D80;11/08/2025
464854549A0092A8;11/08/2025
464854549CE6AE90;11/08/2025
464854549CC77258;11/08/2025
464854549E27A9F0;11/08/2025
464854549B1517C8;11/08/2025
464854549A08AC60;11/08/2025
46485454BAA73F58;11/08/2025
46485454BAACF6B0;11/08/2025
464854549C68AD88;11/08/2025
464854549BE57528;11/08/2025
464854549A0437F8;11/08/2025
464854549CC31538;11/08/2025
464854549EAE61D8;11/08/2025
464854549A0266E0;11/08/2025
464854549e1f78b8;11/08/2025
464854549B14B830;11/08/2025
464854549EC0D3F8;11/08/2025
464854549E2936A0;11/08/2025
464854549C7933B8;11/08/2025
464854549A118E60;11/08/2025
464854549BE78C38;11/08/2025
464854549eb374c0;11/08/2025
464854549C7743A8;11/08/2025
464854549EBF54A0;11/08/2025
464854549B13E828;11/08/2025
464854549C6CB9E0;11/08/2025
464854549E2F0BA0;11/08/2025
464854549A118200;11/08/2025
4648545499C32ED0;11/08/2025
464854549A17F6F8;11/08/2025
464854549BE623C0;11/08/2025
464854549CE66268;11/08/2025
464854549BE4C6E0;11/08/2025
46485454BAAC3108;11/08/2025
464854549E273340;11/08/2025
46485454BAA73B48;11/08/2025
464854549EDF8E88;11/08/2025
46485454BAA1C818;11/08/2025
464854549E9D74B8;11/08/2025
464854549C68AAB8;11/08/2025
464854549EC00848;11/08/2025
464854549C6A9120;11/08/2025
464854549CF0E378;11/08/2025
464854549CC6E648;11/08/2025
46485454BAB244D0;11/08/2025
464854549EB7CC78;11/08/2025
464854549E1DC490;11/08/2025
464854549E2AC320;11/08/2025
464854549C5C2458;11/08/2025
464854549A0DA328;11/08/2025
464854549E9D9280;11/08/2025
464854549EB7E190;11/08/2025
464854549CC32848;11/08/2025
4648545499C1DE80;11/08/2025
464854549D73B440;11/08/2025
464854549ECC3C20;11/08/2025
464854549CC13770;11/08/2025
464854549CBACC60;11/08/2025
464854549A2D9A20;11/08/2025
464854549D670808;11/08/2025
46485454BAA01228;11/08/2025
464854549CF3D818;11/08/2025
464854549CF64C50;11/08/2025
464854549CE2CD08;11/08/2025
464854549BE62198;11/08/2025
46485454BA99FE78;11/08/2025
464854549EC365B8;11/08/2025
464854549EA8C4A0;11/08/2025
464854549CC12DF0;11/08/2025
464854549C5A7B28;11/08/2025
464854549D76F3B8;11/08/2025
464854549CEF55F8;11/08/2025
464854549A0D5CE0;11/08/2025
464854549EA58908;11/08/2025
464854549E99ED50;11/08/2025
464854549BE5F7E0;11/08/2025
464854549A00FFF0;11/08/2025
46485454BA9BF390;11/08/2025
464854549E9F9070;11/08/2025
464854549EA310C8;11/08/2025
464854549EAF4FC8;11/08/2025
464854549CD605E0;11/08/2025
464854549D7108C0;11/08/2025
464854549C6FD0F0;11/08/2025
464854549E1CA888;11/08/2025
464854549D74D2A0;11/08/2025
464854549A048B78;11/08/2025
464854549ED1F4A8;11/08/2025
46485454BA92C640;11/08/2025
464854549A085180;11/08/2025
464854549EA6AF10;11/08/2025
464854549EDFD888;11/08/2025
464854549CE0BD10;11/08/2025
464854549A07D068;11/08/2025
464854549E9C6EA8;11/08/2025
464854549B0D0A18;11/08/2025
464854549E2A6E18;11/08/2025
464854549D67A6A0;11/08/2025
464854549CEEFD68;11/08/2025
464854549EA6A970;11/08/2025
46485454BA943B50;11/08/2025
46485454BA93A630;11/08/2025
464854549E247EA8;11/08/2025
464854549CC20480;11/08/2025
464854549EB4FAB0;11/08/2025
464854549E1D1158;11/08/2025
464854549EC87A20;11/08/2025
464854549A074718;11/08/2025
464854549A1217F8;11/08/2025
464854549E9BDB28;11/08/2025
464854549A08E7C8;11/08/2025
464854549D7258D8;11/08/2025
464854549BCC5698;11/08/2025
464854549EB9FC60;11/08/2025
464854549CC29508;11/08/2025
464854549EC2AC18;11/08/2025
464854549E1C54D8;11/08/2025
464854549D793458;11/08/2025
464854549A06E180;11/08/2025
464854549EDFE7B8;11/08/2025
464854549CC26FB0;11/08/2025
464854549EB01CF0;11/08/2025
464854549E1C87C8;11/08/2025
464854549BCB9838;11/08/2025
464854549CF6D560;11/08/2025
464854549A126BE0;11/08/2025
464854549A172420;11/08/2025
464854549D6912B8;11/08/2025
464854549A2D6EA8;11/08/2025
464854549CE1EB90;11/08/2025
464854549A07F2B0;11/08/2025
464854549BD07368;11/08/2025
464854549BCF4930;11/08/2025
464854549D7596A8;11/08/2025
464854549EC06868;11/08/2025
464854549ED46B60;11/08/2025
464854549ECB3490;11/08/2025
464854549ED50508;11/08/2025
464854549EB0AB30;11/08/2025
464854549EBA99B0;11/08/2025
464854549EC8A310;11/08/2025
464854549C788998;11/08/2025
464854549EAEF850;11/08/2025
464854549A0EDCE0;11/08/2025
464854549C59C2D8;11/08/2025
464854549ECE9DC8;11/08/2025
46485454BA98A790;11/08/2025
464854549E99EAC8;11/08/2025
46485454BAA7E6D8;11/08/2025
464854549BCD2078;11/08/2025
464854549EB393A0;11/08/2025
464854549ED49FD0;11/08/2025
464854549E9B0C98;11/08/2025
464854549CBC0570;11/08/2025
4648545499A04270;11/08/2025
464854549EB18358;11/08/2025
464854549D71C228;11/08/2025
464854549ED1F470;11/08/2025
464854549CC85440;11/08/2025
46485454999E1140;11/08/2025
464854549EA6CB38;11/08/2025
464854549E265C00;11/08/2025
46485454BAB00AE0;11/08/2025
464854549EBE76D0;11/08/2025
464854549EAB9FF8;11/08/2025
464854549E9DA470;11/08/2025
464854549B0EF478;11/08/2025
46485454BA9E0270;11/08/2025
464854549CBB1B98;11/08/2025
464854549ED31C08;11/08/2025
464854549C788C30;11/08/2025
464854549A006308;11/08/2025
464854549EB498D8;11/08/2025
464854549E255E88;11/08/2025
464854549C77ED48;11/08/2025
46485454999FB248;11/08/2025
464854549CE2F6E0;11/08/2025
464854549A0ED1B8;11/08/2025
46485454BAAB3DC0;11/08/2025
464854549BCE5C20;11/08/2025
464854549A022F70;11/08/2025
464854549ED46AB0;11/08/2025
464854549C67E668;11/08/2025
464854549CD9B978;11/08/2025
464854549D681D70;11/08/2025
464854549CC8BDC8;11/08/2025
464854549CF082B8;11/08/2025
46485454BAA3AE38;11/08/2025
46485454BAA4E998;11/08/2025
464854549CDA61A8;11/08/2025
464854549E999C80;11/08/2025
464854549E9D17A0;11/08/2025
464854549E9D7678;11/08/2025
464854549E9D6038;11/08/2025
464854549A0EAB48;11/08/2025
464854549E1CA2C8;11/08/2025
464854549EC1A2A8;11/08/2025
464854549CC6E4B0;11/08/2025
46485454999F69D0;11/08/2025
46485454BA94D188;11/08/2025
464854549EB46738;11/08/2025
464854549EA00240;11/08/2025
464854549ED56BE8;11/08/2025
464854549A117F50;11/08/2025
464854549D739928;11/08/2025
4648545499A19CF0;11/08/2025
46485454BAAC6DF0;11/08/2025
464854549B134720;11/08/2025
464854549B12C788;11/08/2025
464854549BE68B80;11/08/2025
464854549D769268;11/08/2025
464854549A1721F8;11/08/2025
464854549CE41B78;11/08/2025
46485454BAA12160;11/08/2025
464854549CE1F0F0;11/08/2025
464854549EBBC420;11/08/2025
464854549C6C8738;11/08/2025
464854549E220190;11/08/2025
46485454BA92CF20;11/08/2025
464854549EAEDAA8;11/08/2025
464854549A2D8E60;11/08/2025
464854549C797998;11/08/2025
464854549EBC1458;11/08/2025
464854549EBEE2D0;11/08/2025
464854549CC8DC68;11/08/2025
464854549ED39C88;11/08/2025
464854549ED67620;11/08/2025
46485454BAA594B8;11/08/2025
464854549B0C1CE0;11/08/2025
464854549D725940;11/08/2025
464854549BC75360;11/08/2025
464854549E9D4610;11/08/2025
464854549C6C0E48;11/08/2025
464854549A177B08;11/08/2025
464854549E28F178;11/08/2025
46485454BAAD6AA0;11/08/2025
46485454BA92F6D0;11/08/2025
464854549CF34BF8;11/08/2025
464854549A108408;11/08/2025
464854549BCC7068;11/08/2025
464854549EBBDBE8;11/08/2025
464854549E9EDF58;11/08/2025
464854549EACDBE0;11/08/2025
4648545499A0D078;11/08/2025
464854549CF41368;11/08/2025
46485454BA969920;11/08/2025
464854549CBB2C00;11/08/2025
464854549CE67238;11/08/2025
46485454BA951308;11/08/2025
464854549EB12DC8;11/08/2025
464854549EA3CA98;11/08/2025
464854549A0A0768;11/08/2025
464854549ECB4AE8;11/08/2025
4648545499C2A910;11/08/2025
464854549E99D030;11/08/2025
464854549EB43340;11/08/2025
464854549CC24908;11/08/2025
46485454BA968778;11/08/2025
464854549E1DA820;11/08/2025
464854549B12A370;11/08/2025
46485454BAA50A80;11/08/2025
464854549E2BE510;11/08/2025
464854549ED66BC0;11/08/2025
46485454BA935228;11/08/2025
464854549CC3AF30;11/08/2025
464854549CEE0318;11/08/2025
464854549E1F9B88;11/08/2025
464854549B0EC8F0;11/08/2025
464854549EA53D50;11/08/2025
464854549ED6C160;11/08/2025
464854549CD84078;11/08/2025
464854549BCF8060;11/08/2025
4648545499C37420;11/08/2025
4648545499A115F0;11/08/2025
4648545499C352C8;11/08/2025
464854549C738350;11/08/2025
464854549D7500F0;11/08/2025
464854549ECC4CF8;11/08/2025
464854549CC124E0;11/08/2025
464854549ED0B208;11/08/2025
464854549EA84208;11/08/2025
464854549A199500;11/08/2025
464854549ECE7DF0;11/08/2025
464854549CC4D790;11/08/2025
464854549EA28168;11/08/2025
464854549CF2E4A0;11/08/2025
464854549CC67158;11/08/2025
464854549CF703F8;11/08/2025
464854549E2C6948;11/08/2025
464854549A10F878;11/08/2025
46485454BAA6A9C8;11/08/2025
464854549BE50F68;11/08/2025
464854549BE81BB8;11/08/2025
464854549A0B37B0;11/08/2025
464854549ED84188;11/08/2025
464854549EDFEEF0;11/08/2025
464854549A193CA0;11/08/2025
464854549CF72588;11/08/2025
464854549C69BA98;11/08/2025
464854549ED3DDE0;11/08/2025
464854549cc0d0b0;11/08/2025
46485454BAAF5BD0;11/08/2025
464854549ed7c120;11/08/2025
464854549EA56600;11/08/2025
4648545499C3A720;11/08/2025
464854549CE11178;11/08/2025
464854549B153368;11/08/2025
4648545499c2b7c0;11/08/2025
464854549A1107B8;11/08/2025
4648545499A28900;11/08/2025
464854549A02DB40;11/08/2025
464854549A08D5E8;11/08/2025
464854549B0CF150;11/08/2025
464854549CF49D88;11/08/2025
464854549ED3BBB0;11/08/2025
464854549A0C7568;14/08/2025
464854549E227C28;14/08/2025
464854549B0C6DB8;14/08/2025
464854549cd961c0;14/08/2025
464854549ED40610;14/08/2025
464854549cbab0c8;14/08/2025
464854549CE31DD8;14/08/2025
464854549A0E5A18;14/08/2025
464854549E29E290;14/08/2025
4648545499C2FBF0;14/08/2025
464854549A06F3F0;14/08/2025
464854549A190B50;14/08/2025
464854549CE08FD8;14/08/2025
464854549CD7FA20;14/08/2025
464854549A08ECF8;14/08/2025
46485454999EC4C0;14/08/2025
464854549A0220A0;14/08/2025
464854549EA28058;14/08/2025
464854549CC62680;14/08/2025
464854549CF0EE68;14/08/2025
46485454BA961288;14/08/2025
464854549D731E20;14/08/2025
464854549BE4A8C8;14/08/2025
464854549CE09108;14/08/2025
464854549A1898A8;14/08/2025
464854549A13F830;14/08/2025
464854549D72B028;14/08/2025
464854549E9AB5E0;14/08/2025
464854549A005F30;14/08/2025
46485454BAA6F828;14/08/2025
464854549BE70B40;14/08/2025
464854549EC89FF0;14/08/2025
4648545499C2A2C0;14/08/2025
464854549D7AF800;14/08/2025
464854549E1D9538;14/08/2025
464854549CE30CF8;14/08/2025
464854549CE5A2D0;14/08/2025
464854549EC11FB0;14/08/2025
464854549CC717B8;14/08/2025
464854549D6730E0;14/08/2025
464854549BE56798;14/08/2025
464854549C5A9EF8;14/08/2025
464854549B144F28;14/08/2025
464854549CF0BCD0;14/08/2025
464854549CEE6440;14/08/2025
464854549A05D918;14/08/2025
4648545499A0BE80;14/08/2025
464854549EB12358;14/08/2025
464854549A0B0F90;14/08/2025
46485454999E63C8;14/08/2025
464854549A1857F8;14/08/2025
464854549ED72E10;14/08/2025
464854549ECB5E60;14/08/2025
464854549A188B40;14/08/2025
464854549CF30128;14/08/2025
464854549E1D8490;14/08/2025
464854549CBC1A60;14/08/2025
464854549A0894A8;14/08/2025
464854549BD17E58;14/08/2025
464854549BCB1C18;14/08/2025
464854549A00C0B8;14/08/2025
464854549A16A5C8;14/08/2025
464854549CEF1790;14/08/2025
464854549EB39048;14/08/2025
464854549C6C8468;14/08/2025
464854549B139980;14/08/2025
464854549A061FE0;14/08/2025
464854549A12B1A0;14/08/2025
464854549A04FEC0;14/08/2025
46485454BA9E8EC0;14/08/2025
464854549CD62E50;14/08/2025
464854549A0774C0;14/08/2025
464854549CF1F510;14/08/2025
464854549A078C38;14/08/2025
464854549A094AC0;14/08/2025
464854549CC69330;14/08/2025
4648545499C266C8;14/08/2025
4648545498A3BD28;14/08/2025
464854549BE6B740;14/08/2025
464854549E2EBBF0;14/08/2025
464854549CC359E8;14/08/2025
464854549CEF2EB0;14/08/2025
464854549E1D9978;14/08/2025
464854549CF10528;14/08/2025
464854549CF0E070;14/08/2025
464854549B0F11E8;14/08/2025
46485454BAAB82A8;14/08/2025
4648545499C1CDE0;14/08/2025
4648545499C28468;14/08/2025
