Material,Número de serie,FOLIO,Recibo
69644,ZTEGC45BB1EC,S25-121,08-jul-25
69644,ZTEGC45BB209,S25-121,08-jul-25
69644,ZTEGC45BB21A,S25-121,08-jul-25
69644,ZTEGC45BB22F,S25-121,08-jul-25
69644,ZTEGC45BB27E,S25-121,08-jul-25
69644,ZTEGC45BB297,S25-121,08-jul-25
69644,ZTEGC45BB29C,S25-121,08-jul-25
69644,ZTEGC45BB45A,S25-121,08-jul-25
69644,ZTEGC45BB720,S25-121,08-jul-25
69644,ZTEGC45BBAE8,S25-121,08-jul-25
69644,ZTEGC45BBD17,S25-121,08-jul-25
69644,ZTEGC45BBD71,S25-121,08-jul-25
69644,ZTEGC45BC82B,S25-121,08-jul-25
69644,ZTEGC45BC880,S25-121,08-jul-25
69644,ZTEGC45BC891,S25-121,08-jul-25
69644,ZTEGC45BC8A4,S25-121,08-jul-25
69644,ZTEGC45BCADA,S25-121,08-jul-25
69644,ZTEGC45BCC84,S25-121,08-jul-25
69644,ZTEGC45BD8AB,S25-121,08-jul-25
69644,ZTEGC45BD8D9,S25-121,08-jul-25
69644,ZTEGC45BD8E1,S25-121,08-jul-25
69644,ZTEGC45BD8F9,S25-121,08-jul-25
69644,ZTEGC45BD92A,S25-121,08-jul-25
69644,ZTEGC45BD948,S25-121,08-jul-25
69644,ZTEGC45BD967,S25-121,08-jul-25
69644,ZTEGC45BD979,S25-121,08-jul-25
69644,ZTEGC45BD993,S25-121,08-jul-25
69644,ZTEGC45BD9A8,S25-121,08-jul-25
69644,ZTEGC45BD9DA,S25-121,08-jul-25
69644,ZTEGC45BDA16,S25-121,08-jul-25
69644,ZTEGC45BDA1E,S25-121,08-jul-25
69644,ZTEGC45BDA52,S25-121,08-jul-25
69644,ZTEGC45BDA66,S25-121,08-jul-25
69644,ZTEGC45BDA70,S25-121,08-jul-25
69644,ZTEGC45BDA7D,S25-121,08-jul-25
69644,ZTEGC45BDA7F,S25-121,08-jul-25
69644,ZTEGC45BDA87,S25-121,08-jul-25
69644,ZTEGC45BDA9A,S25-121,08-jul-25
69644,ZTEGC45BDAB2,S25-121,08-jul-25
69644,ZTEGC45BDAD0,S25-121,08-jul-25
69644,ZTEGC45BDADC,S25-121,08-jul-25
69644,ZTEGC45BDADD,S25-121,08-jul-25
69644,ZTEGC45BDAE7,S25-121,08-jul-25
69644,ZTEGC45BDAF0,S25-121,08-jul-25
69644,ZTEGC45BEA24,S25-121,08-jul-25
69644,ZTEGC45BEA49,S25-121,08-jul-25
69644,ZTEGC45BEA56,S25-121,08-jul-25
69644,ZTEGC45BEA57,S25-121,08-jul-25
69644,ZTEGC45BEA67,S25-121,08-jul-25
69644,ZTEGC45BEA74,S25-121,08-jul-25
69644,ZTEGC45BEAB1,S25-121,08-jul-25
69644,ZTEGC45BED75,S25-121,08-jul-25
69644,ZTEGC45BEEC5,S25-121,08-jul-25
69644,ZTEGC45BEF2B,S25-121,08-jul-25
69644,ZTEGC45BEF69,S25-121,08-jul-25
69644,ZTEGC45BF06C,S25-121,08-jul-25
69644,ZTEGC45BF259,S25-121,08-jul-25
69644,ZTEGC45BF282,S25-121,08-jul-25
69644,ZTEGC45BF292,S25-121,08-jul-25
69644,ZTEGC45BF297,S25-121,08-jul-25
69644,ZTEGC45BF2AC,S25-121,08-jul-25
69644,ZTEGC45BF2B6,S25-121,08-jul-25
69644,ZTEGC45BF2BB,S25-121,08-jul-25
69644,ZTEGC45BF2CF,S25-121,08-jul-25
69644,ZTEGC45BF2DA,S25-121,08-jul-25
69644,ZTEGC45BF2DB,S25-121,08-jul-25
69644,ZTEGC45BF2EE,S25-121,08-jul-25
69644,ZTEGC45BF345,S25-121,08-jul-25
69644,ZTEGC45BF35F,S25-121,08-jul-25
69644,ZTEGC45BF363,S25-121,08-jul-25
69644,ZTEGCE441F0B,S25-121,08-jul-25
69644,ZTEGCE441F11,S25-121,08-jul-25
69644,ZTEGCE441F12,S25-121,08-jul-25
69644,ZTEGCE441F19,S25-121,08-jul-25
69644,ZTEGCE441F3A,S25-121,08-jul-25
69644,ZTEGCE441F73,S25-121,08-jul-25
69644,ZTEGCE441F76,S25-121,08-jul-25
69644,ZTEGCE441F7B,S25-121,08-jul-25
69644,ZTEGCE441F8D,S25-121,08-jul-25
69644,ZTEGCE441F8F,S25-121,08-jul-25
69644,ZTEGCE441FA2,S25-121,08-jul-25
69644,ZTEGCE441FB7,S25-121,08-jul-25
69644,ZTEGCE441FDC,S25-121,08-jul-25
69644,ZTEGCE442044,S25-121,08-jul-25
69644,ZTEGCE442045,S25-121,08-jul-25
69644,ZTEGCE44206E,S25-121,08-jul-25
69644,ZTEGCE44206F,S25-121,08-jul-25
69644,ZTEGCE442081,S25-121,08-jul-25
69644,ZTEGCE44208F,S25-121,08-jul-25
69644,ZTEGCE4420A0,S25-121,08-jul-25
69644,ZTEGCE4420BB,S25-121,08-jul-25
69644,ZTEGCE44218D,S25-121,08-jul-25
69644,ZTEGCE4421B6,S25-121,08-jul-25
69644,ZTEGCE44220C,S25-121,08-jul-25
69644,ZTEGCE442212,S25-121,08-jul-25
69644,ZTEGCE442213,S25-121,08-jul-25
69644,ZTEGC45BDB0F,S25-121,08-jul-25
69644,ZTEGC45BDB11,S25-121,08-jul-25
69644,ZTEGC45BDB31,S25-121,08-jul-25
69644,ZTEGC45BDB47,S25-121,08-jul-25
69644,ZTEGC45BDBA8,S25-121,08-jul-25
69644,ZTEGC45BDBC7,S25-121,08-jul-25
69644,ZTEGC45BDC07,S25-121,08-jul-25
69644,ZTEGC45BDC2E,S25-121,08-jul-25
69644,ZTEGC45BDC6F,S25-121,08-jul-25
69644,ZTEGC45BDC7F,S25-121,08-jul-25
69644,ZTEGC45BDC8D,S25-121,08-jul-25
69644,ZTEGC45BDCAD,S25-121,08-jul-25
69644,ZTEGC45BDCB6,S25-121,08-jul-25
69644,ZTEGC45BDCC2,S25-121,08-jul-25
69644,ZTEGC45BDCE0,S25-121,08-jul-25
69644,ZTEGC45BDCFA,S25-121,08-jul-25
69644,ZTEGC45BDD05,S25-121,08-jul-25
69644,ZTEGC45BDD0F,S25-121,08-jul-25
69644,ZTEGC45BDD19,S25-121,08-jul-25
69644,ZTEGC45BDD38,S25-121,08-jul-25
69644,ZTEGC45BDD3E,S25-121,08-jul-25
69644,ZTEGC45BDD40,S25-121,08-jul-25
69644,ZTEGC45BDD93,S25-121,08-jul-25
69644,ZTEGC45BDDAD,S25-121,08-jul-25
69644,ZTEGC45BDDB3,S25-121,08-jul-25
69644,ZTEGC45BDDB5,S25-121,08-jul-25
69644,ZTEGCE442497,S25-121,08-jul-25
69644,ZTEGCE44249D,S25-121,08-jul-25
69644,ZTEGCE4424A0,S25-121,08-jul-25
69644,ZTEGCE4424B4,S25-121,08-jul-25
69644,ZTEGCE4424B9,S25-121,08-jul-25
69644,ZTEGCE4424C3,S25-121,08-jul-25
69644,ZTEGCE4424C7,S25-121,08-jul-25
69644,ZTEGCE4424DB,S25-121,08-jul-25
69644,ZTEGCE4424E1,S25-121,08-jul-25
69644,ZTEGCE4424ED,S25-121,08-jul-25
69644,ZTEGCE4424F0,S25-121,08-jul-25
69644,ZTEGCE442509,S25-121,08-jul-25
69644,ZTEGCE44250C,S25-121,08-jul-25
69644,ZTEGCE442510,S25-121,08-jul-25
69644,ZTEGCE44256A,S25-121,08-jul-25
69644,ZTEGCE442577,S25-121,08-jul-25
69644,ZTEGCE44258A,S25-121,08-jul-25
69644,ZTEGCE442590,S25-121,08-jul-25
69644,ZTEGCE442599,S25-121,08-jul-25
69644,ZTEGCE4425B0,S25-121,08-jul-25
69644,ZTEGCE4425DA,S25-121,08-jul-25
69644,ZTEGCE44269D,S25-121,08-jul-25
69644,ZTEGCE4426A5,S25-121,08-jul-25
69644,ZTEGCE4426B7,S25-121,08-jul-25
69644,ZTEGCE4426CD,S25-121,08-jul-25
69644,ZTEGCE4426D9,S25-121,08-jul-25
69644,ZTEGC45BDDBD,S25-121,08-jul-25
69644,ZTEGC45BDDDB,S25-121,08-jul-25
69644,ZTEGC45BDF56,S25-121,08-jul-25
69644,ZTEGC45BDF85,S25-121,08-jul-25
69644,ZTEGC45BDFC8,S25-121,08-jul-25
69644,ZTEGC45BE07D,S25-121,08-jul-25
69644,ZTEGC45BE08C,S25-121,08-jul-25
69644,ZTEGC45BE142,S25-121,08-jul-25
69644,ZTEGC45BE186,S25-121,08-jul-25
69644,ZTEGC45BE1CF,S25-121,08-jul-25
69644,ZTEGC45BE28B,S25-121,08-jul-25
69644,ZTEGC45BE299,S25-121,08-jul-25
69644,ZTEGC45BE29D,S25-121,08-jul-25
69644,ZTEGC45BE2C0,S25-121,08-jul-25
69644,ZTEGC45BE2D1,S25-121,08-jul-25
69644,ZTEGC45BE2DA,S25-121,08-jul-25
69644,ZTEGC45BE2EC,S25-121,08-jul-25
69644,ZTEGC45BE308,S25-121,08-jul-25
69644,ZTEGC45BE309,S25-121,08-jul-25
69644,ZTEGC45BE31A,S25-121,08-jul-25
69644,ZTEGC45BE321,S25-121,08-jul-25
69644,ZTEGC45BE322,S25-121,08-jul-25
69644,ZTEGC45BE33F,S25-121,08-jul-25
69644,ZTEGC45BE34B,S25-121,08-jul-25
69644,ZTEGC45BE351,S25-121,08-jul-25
69644,ZTEGC45BE35C,S25-121,08-jul-25
69644,ZTEGCE4423A4,S25-121,08-jul-25
69644,ZTEGCE4423AF,S25-121,08-jul-25
69644,ZTEGCE4423B0,S25-121,08-jul-25
69644,ZTEGCE4423B2,S25-121,08-jul-25
69644,ZTEGCE4423B9,S25-121,08-jul-25
69644,ZTEGCE4423C3,S25-121,08-jul-25
69644,ZTEGCE4423C9,S25-121,08-jul-25
69644,ZTEGCE4423D9,S25-121,08-jul-25
69644,ZTEGCE4423EC,S25-121,08-jul-25
69644,ZTEGCE4423EE,S25-121,08-jul-25
69644,ZTEGCE4423F7,S25-121,08-jul-25
69644,ZTEGCE4423FE,S25-121,08-jul-25
69644,ZTEGCE442405,S25-121,08-jul-25
69644,ZTEGCE442414,S25-121,08-jul-25
69644,ZTEGCE44241A,S25-121,08-jul-25
69644,ZTEGCE442436,S25-121,08-jul-25
69644,ZTEGCE442445,S25-121,08-jul-25
69644,ZTEGCE44244E,S25-121,08-jul-25
69644,ZTEGCE442466,S25-121,08-jul-25
69644,ZTEGCE442468,S25-121,08-jul-25
69644,ZTEGCE44246F,S25-121,08-jul-25
69644,ZTEGCE442470,S25-121,08-jul-25
69644,ZTEGCE442477,S25-121,08-jul-25
69644,ZTEGCE442481,S25-121,08-jul-25
69644,ZTEGCE442486,S25-121,08-jul-25
69644,ZTEGCE44248F,S25-121,08-jul-25
69644,ZTEGC45BE3CE,S25-121,08-jul-25
69644,ZTEGC45BE412,S25-121,08-jul-25
69644,ZTEGC45BE422,S25-121,08-jul-25
69644,ZTEGC45BE436,S25-121,08-jul-25
69644,ZTEGC45BE461,S25-121,08-jul-25
69644,ZTEGC45BE478,S25-121,08-jul-25
69644,ZTEGC45BE488,S25-121,08-jul-25
69644,ZTEGC45BE4B3,S25-121,08-jul-25
69644,ZTEGC45BE53D,S25-121,08-jul-25
69644,ZTEGC45BE54D,S25-121,08-jul-25
69644,ZTEGC45BE550,S25-121,08-jul-25
69644,ZTEGC45BE5AB,S25-121,08-jul-25
69644,ZTEGC45BE5D7,S25-121,08-jul-25
69644,ZTEGC45BE5E7,S25-121,08-jul-25
69644,ZTEGC45BE646,S25-121,08-jul-25
69644,ZTEGC45BE681,S25-121,08-jul-25
69644,ZTEGC45BE6AB,S25-121,08-jul-25
69644,ZTEGC45BE6B7,S25-121,08-jul-25
69644,ZTEGC45BE6C5,S25-121,08-jul-25
69644,ZTEGC45BE6D4,S25-121,08-jul-25
69644,ZTEGC45BE6E2,S25-121,08-jul-25
69644,ZTEGC45BE703,S25-121,08-jul-25
69644,ZTEGC45BE73E,S25-121,08-jul-25
69644,ZTEGC45BE74D,S25-121,08-jul-25
69644,ZTEGC45BE754,S25-121,08-jul-25
69644,ZTEGC45BE764,S25-121,08-jul-25
69644,ZTEGCE44221F,S25-121,08-jul-25
69644,ZTEGCE442224,S25-121,08-jul-25
69644,ZTEGCE442229,S25-121,08-jul-25
69644,ZTEGCE44222C,S25-121,08-jul-25
69644,ZTEGCE44222F,S25-121,08-jul-25
69644,ZTEGCE442233,S25-121,08-jul-25
69644,ZTEGCE44223A,S25-121,08-jul-25
69644,ZTEGCE44225D,S25-121,08-jul-25
69644,ZTEGCE44227F,S25-121,08-jul-25
69644,ZTEGCE442289,S25-121,08-jul-25
69644,ZTEGCE442291,S25-121,08-jul-25
69644,ZTEGCE44229D,S25-121,08-jul-25
69644,ZTEGCE4422D0,S25-121,08-jul-25
69644,ZTEGCE4422D2,S25-121,08-jul-25
69644,ZTEGCE4422DE,S25-121,08-jul-25
69644,ZTEGCE442300,S25-121,08-jul-25
69644,ZTEGCE442306,S25-121,08-jul-25
69644,ZTEGCE44231B,S25-121,08-jul-25
69644,ZTEGCE44231D,S25-121,08-jul-25
69644,ZTEGCE44232A,S25-121,08-jul-25
69644,ZTEGCE44233D,S25-121,08-jul-25
69644,ZTEGCE44233E,S25-121,08-jul-25
69644,ZTEGCE442349,S25-121,08-jul-25
69644,ZTEGCE442351,S25-121,08-jul-25
69644,ZTEGCE442371,S25-121,08-jul-25
69644,ZTEGCE4423A0,S25-121,08-jul-25
69644,ZTEGC45BE77D,S25-121,08-jul-25
69644,ZTEGC45BE782,S25-121,08-jul-25
69644,ZTEGC45BE79B,S25-121,08-jul-25
69644,ZTEGC45BE79F,S25-121,08-jul-25
69644,ZTEGC45BE7B0,S25-121,08-jul-25
69644,ZTEGC45BE7E6,S25-121,08-jul-25
69644,ZTEGC45BE800,S25-121,08-jul-25
69644,ZTEGC45BE817,S25-121,08-jul-25
69644,ZTEGC45BE844,S25-121,08-jul-25
69644,ZTEGC45BE878,S25-121,08-jul-25
69644,ZTEGC45BE899,S25-121,08-jul-25
69644,ZTEGC45BE8A1,S25-121,08-jul-25
69644,ZTEGC45BE8B3,S25-121,08-jul-25
69644,ZTEGC45BE8D9,S25-121,08-jul-25
69644,ZTEGC45BE8DC,S25-121,08-jul-25
69644,ZTEGC45BE906,S25-121,08-jul-25
69644,ZTEGC45BE934,S25-121,08-jul-25
69644,ZTEGC45BE937,S25-121,08-jul-25
69644,ZTEGC45BE942,S25-121,08-jul-25
69644,ZTEGC45BE960,S25-121,08-jul-25
69644,ZTEGC45BE98A,S25-121,08-jul-25
69644,ZTEGC45BE999,S25-121,08-jul-25
69644,ZTEGC45BE9A0,S25-121,08-jul-25
69644,ZTEGC45BE9A6,S25-121,08-jul-25
69644,ZTEGC45BE9D1,S25-121,08-jul-25
69644,ZTEGC45BE9D2,S25-121,08-jul-25
69644,ZTEGCE44289C,S25-121,08-jul-25
69644,ZTEGCE442973,S25-121,08-jul-25
69644,ZTEGCE442985,S25-121,08-jul-25
69644,ZTEGCE4429BF,S25-121,08-jul-25
69644,ZTEGCE4429C5,S25-121,08-jul-25
69644,ZTEGCE442A4F,S25-121,08-jul-25
69644,ZTEGCE442A8D,S25-121,08-jul-25
69644,ZTEGCE442A8E,S25-121,08-jul-25
69644,ZTEGCE442AE3,S25-121,08-jul-25
69644,ZTEGCE442AF3,S25-121,08-jul-25
69644,ZTEGCE442AFB,S25-121,08-jul-25
69644,ZTEGCE442B15,S25-121,08-jul-25
69644,ZTEGCE442B1C,S25-121,08-jul-25
69644,ZTEGCE442CC6,S25-121,08-jul-25
69644,ZTEGCE442D14,S25-121,08-jul-25
69644,ZTEGCE442D80,S25-121,08-jul-25
69644,ZTEGCE442D84,S25-121,08-jul-25
69644,ZTEGCE442E2F,S25-121,08-jul-25
69644,ZTEGCE442ED5,S25-121,08-jul-25
69644,ZTEGCE442F2E,S25-121,08-jul-25
69644,ZTEGCE44302D,S25-121,08-jul-25
69644,ZTEGCE443145,S25-121,08-jul-25
69644,ZTEGCE4431DA,S25-121,08-jul-25
69644,ZTEGCE44324D,S25-121,08-jul-25
69644,ZTEGCE443299,S25-121,08-jul-25
69644,ZTEGCE443479,S25-121,08-jul-25
69644,ZTEGC45BF36A,S25-121,08-jul-25
69644,ZTEGC45BF375,S25-121,08-jul-25
69644,ZTEGC45BF37E,S25-121,08-jul-25
69644,ZTEGC45BF380,S25-121,08-jul-25
69644,ZTEGC45BF384,S25-121,08-jul-25
69644,ZTEGC45BF395,S25-121,08-jul-25
69644,ZTEGC45BF398,S25-121,08-jul-25
69644,ZTEGC45BF39C,S25-121,08-jul-25
69644,ZTEGC45BF3AB,S25-121,08-jul-25
69644,ZTEGC45BF3AE,S25-121,08-jul-25
69644,ZTEGC45BF3D8,S25-121,08-jul-25
69644,ZTEGC45BF3F3,S25-121,08-jul-25
69644,ZTEGC45BF3F4,S25-121,08-jul-25
69644,ZTEGC45BF3F7,S25-121,08-jul-25
69644,ZTEGC45BF461,S25-121,08-jul-25
69644,ZTEGC45BF4B9,S25-121,08-jul-25
69644,ZTEGC45BF62F,S25-121,08-jul-25
69644,ZTEGC45C0758,S25-121,08-jul-25
69644,ZTEGC45C1672,S25-121,08-jul-25
69644,ZTEGC45C16C8,S25-121,08-jul-25
69644,ZTEGC45C16E8,S25-121,08-jul-25
69644,ZTEGC45C17BD,S25-121,08-jul-25
69644,ZTEGC45C17FB,S25-121,08-jul-25
69644,ZTEGC45C1814,S25-121,08-jul-25
69644,ZTEGC45C1A36,S25-121,08-jul-25
69644,ZTEGC45C1BB7,S25-121,08-jul-25
69644,ZTEGCE4426E8,S25-121,08-jul-25
69644,ZTEGCE4426F6,S25-121,08-jul-25
69644,ZTEGCE44270F,S25-121,08-jul-25
69644,ZTEGCE442732,S25-121,08-jul-25
69644,ZTEGCE442745,S25-121,08-jul-25
69644,ZTEGCE442748,S25-121,08-jul-25
69644,ZTEGCE44275D,S25-121,08-jul-25
69644,ZTEGCE44276B,S25-121,08-jul-25
69644,ZTEGCE44276C,S25-121,08-jul-25
69644,ZTEGCE442790,S25-121,08-jul-25
69644,ZTEGCE442795,S25-121,08-jul-25
69644,ZTEGCE442797,S25-121,08-jul-25
69644,ZTEGCE4427A4,S25-121,08-jul-25
69644,ZTEGCE4427A5,S25-121,08-jul-25
69644,ZTEGCE4427A7,S25-121,08-jul-25
69644,ZTEGCE4427CA,S25-121,08-jul-25
69644,ZTEGCE4427D2,S25-121,08-jul-25
69644,ZTEGCE4427E2,S25-121,08-jul-25
69644,ZTEGCE4427F0,S25-121,08-jul-25
69644,ZTEGCE442821,S25-121,08-jul-25
69644,ZTEGCE442848,S25-121,08-jul-25
69644,ZTEGCE44284A,S25-121,08-jul-25
69644,ZTEGCE442870,S25-121,08-jul-25
69644,ZTEGCE442884,S25-121,08-jul-25
69644,ZTEGCE44288C,S25-121,08-jul-25
69644,ZTEGCE442895,S25-121,08-jul-25
69644,ZTEGC45C752F,S25-121,08-jul-25
69644,ZTEGC45C754C,S25-121,08-jul-25
69644,ZTEGC45C7572,S25-121,08-jul-25
69644,ZTEGC45C75AB,S25-121,08-jul-25
69644,ZTEGC45C75B1,S25-121,08-jul-25
69644,ZTEGC45C75D1,S25-121,08-jul-25
69644,ZTEGC45C75D5,S25-121,08-jul-25
69644,ZTEGC45C75E7,S25-121,08-jul-25
69644,ZTEGC45C75ED,S25-121,08-jul-25
69644,ZTEGC45C75EE,S25-121,08-jul-25
69644,ZTEGC45C75F0,S25-121,08-jul-25
69644,ZTEGC45C7606,S25-121,08-jul-25
69644,ZTEGC45C760C,S25-121,08-jul-25
69644,ZTEGC45C764C,S25-121,08-jul-25
69644,ZTEGCE43AF0B,S25-121,08-jul-25
69644,ZTEGCE43B6F7,S25-121,08-jul-25
69644,ZTEGCE43BA4A,S25-121,08-jul-25
69644,ZTEGCE43C101,S25-121,08-jul-25
69644,ZTEGCE43C3BD,S25-121,08-jul-25
69644,ZTEGCE43C413,S25-121,08-jul-25
69644,ZTEGCE43C46A,S25-121,08-jul-25
69644,ZTEGCE43C46D,S25-121,08-jul-25
69644,ZTEGCE43C46E,S25-121,08-jul-25
69644,ZTEGCE43C485,S25-121,08-jul-25
69644,ZTEGCE43C495,S25-121,08-jul-25
69644,ZTEGCE43C4D0,S25-121,08-jul-25
69644,ZTEGC45C1C1C,S25-121,08-jul-25
69644,ZTEGC45C1CC7,S25-121,08-jul-25
69644,ZTEGC45C1CE7,S25-121,08-jul-25
69644,ZTEGC45C1EA1,S25-121,08-jul-25
69644,ZTEGC45C23C4,S25-121,08-jul-25
69644,ZTEGC45C6188,S25-121,08-jul-25
69644,ZTEGC45C619F,S25-121,08-jul-25
69644,ZTEGC45C68CF,S25-121,08-jul-25
69644,ZTEGC45C68F9,S25-121,08-jul-25
69644,ZTEGC45C6930,S25-121,08-jul-25
69644,ZTEGC45C694F,S25-121,08-jul-25
69644,ZTEGC45C69F4,S25-121,08-jul-25
69644,ZTEGC45C69F9,S25-121,08-jul-25
69644,ZTEGC45C6CF1,S25-121,08-jul-25
69644,ZTEGC45C6D85,S25-121,08-jul-25
69644,ZTEGC45C6EFF,S25-121,08-jul-25
69644,ZTEGC45C6F5E,S25-121,08-jul-25
69644,ZTEGC45C6FAC,S25-121,08-jul-25
69644,ZTEGC45C72B8,S25-121,08-jul-25
69644,ZTEGC45C73FD,S25-121,08-jul-25
69644,ZTEGC45C745D,S25-121,08-jul-25
69644,ZTEGC45C7473,S25-121,08-jul-25
69644,ZTEGC45C7479,S25-121,08-jul-25
69644,ZTEGC45C749E,S25-121,08-jul-25
69644,ZTEGC45C74CF,S25-121,08-jul-25
69644,ZTEGC45C74EC,S25-121,08-jul-25
69644,ZTEGCE43C4D9,S25-121,08-jul-25
69644,ZTEGCE43C4F5,S25-121,08-jul-25
69644,ZTEGCE43C52C,S25-121,08-jul-25
69644,ZTEGCE43C558,S25-121,08-jul-25
69644,ZTEGCE43C576,S25-121,08-jul-25
69644,ZTEGCE43C5A3,S25-121,08-jul-25
69644,ZTEGCE43C5C3,S25-121,08-jul-25
69644,ZTEGCE43C6AF,S25-121,08-jul-25
69644,ZTEGCE43C740,S25-121,08-jul-25
69644,ZTEGCE43CB7B,S25-121,08-jul-25
69644,ZTEGCE43CE55,S25-121,08-jul-25
69644,ZTEGCE43CE72,S25-121,08-jul-25
69644,ZTEGCE43D5A5,S25-121,08-jul-25
69644,ZTEGCE43D5D8,S25-121,08-jul-25
69644,ZTEGCE43D5F3,S25-121,08-jul-25
69644,ZTEGCE43D6D4,S25-121,08-jul-25
69644,ZTEGCE43D6EB,S25-121,08-jul-25
69644,ZTEGCE43D6F5,S25-121,08-jul-25
69644,ZTEGCE43D710,S25-121,08-jul-25
69644,ZTEGCE43D715,S25-121,08-jul-25
69644,ZTEGCE43D718,S25-121,08-jul-25
69644,ZTEGCE43D71F,S25-121,08-jul-25
69644,ZTEGCE43D743,S25-121,08-jul-25
69644,ZTEGCE43D75C,S25-121,08-jul-25
69644,ZTEGCE43D76A,S25-121,08-jul-25
69644,ZTEGCE43D771,S25-121,08-jul-25
69644,ZTEGCE4435E2,S25-121,08-jul-25
69644,ZTEGCE4435ED,S25-121,08-jul-25
69644,ZTEGCE443615,S25-121,08-jul-25
69644,ZTEGCE443622,S25-121,08-jul-25
69644,ZTEGCE443628,S25-121,08-jul-25
69644,ZTEGCE443634,S25-121,08-jul-25
69644,ZTEGCE443635,S25-121,08-jul-25
69644,ZTEGCE443655,S25-121,08-jul-25
69644,ZTEGCE443663,S25-121,08-jul-25
69644,ZTEGCE44366D,S25-121,08-jul-25
69644,ZTEGCE44368E,S25-121,08-jul-25
69644,ZTEGCE4436AE,S25-121,08-jul-25
69644,ZTEGCE4437CD,S25-121,08-jul-25
69644,ZTEGCE44381F,S25-121,08-jul-25
69644,ZTEGCE443A1E,S25-121,08-jul-25
69644,ZTEGCE443ABF,S25-121,08-jul-25
69644,ZTEGCE443AD2,S25-121,08-jul-25
69644,ZTEGCE443AE6,S25-121,08-jul-25
69644,ZTEGCE443AF6,S25-121,08-jul-25
69644,ZTEGCE443B0C,S25-121,08-jul-25
69644,ZTEGCE443B0F,S25-121,08-jul-25
69644,ZTEGCE443B29,S25-121,08-jul-25
69644,ZTEGCE443B53,S25-121,08-jul-25
69644,ZTEGCE443BE7,S25-121,08-jul-25
69644,ZTEGCE443C0B,S25-121,08-jul-25
69644,ZTEGCE4D3A23,S25-121,08-jul-25
69644,ZTEGCE43D789,S25-121,08-jul-25
69644,ZTEGCE43D7B8,S25-121,08-jul-25
69644,ZTEGCE43D7EC,S25-121,08-jul-25
69644,ZTEGCE43D7F3,S25-121,08-jul-25
69644,ZTEGCE43D801,S25-121,08-jul-25
69644,ZTEGCE43D80E,S25-121,08-jul-25
69644,ZTEGCE43D815,S25-121,08-jul-25
69644,ZTEGCE43D837,S25-121,08-jul-25
69644,ZTEGCE43D851,S25-121,08-jul-25
69644,ZTEGCE43D852,S25-121,08-jul-25
69644,ZTEGCE43D855,S25-121,08-jul-25
69644,ZTEGCE43D85D,S25-121,08-jul-25
69644,ZTEGCE43D85F,S25-121,08-jul-25
69644,ZTEGCE43D861,S25-121,08-jul-25
69644,ZTEGCE43D89E,S25-121,08-jul-25
69644,ZTEGCE43D8A4,S25-121,08-jul-25
69644,ZTEGCE43D8B1,S25-121,08-jul-25
69644,ZTEGCE43D8E7,S25-121,08-jul-25
69644,ZTEGCE43D8F1,S25-121,08-jul-25
69644,ZTEGCE43D906,S25-121,08-jul-25
69644,ZTEGCE43D911,S25-121,08-jul-25
69644,ZTEGCE43D913,S25-121,08-jul-25
69644,ZTEGCE43D91A,S25-121,08-jul-25
69644,ZTEGCE43D920,S25-121,08-jul-25
69644,ZTEGCE43D922,S25-121,08-jul-25
69644,ZTEGCE43D925,S25-121,08-jul-25
69644,ZTEGCE43D942,S25-121,08-jul-25
69644,ZTEGCE43D951,S25-121,08-jul-25
69644,ZTEGCE43D958,S25-121,08-jul-25
69644,ZTEGCE43D963,S25-121,08-jul-25
69644,ZTEGCE43D976,S25-121,08-jul-25
69644,ZTEGCE43D977,S25-121,08-jul-25
69644,ZTEGCE43D9BF,S25-121,08-jul-25
69644,ZTEGCE43D9E4,S25-121,08-jul-25
69644,ZTEGCE43D9F2,S25-121,08-jul-25
69644,ZTEGCE43D9FA,S25-121,08-jul-25
69644,ZTEGCE43DA13,S25-121,08-jul-25
69644,ZTEGCE43DA14,S25-121,08-jul-25
69644,ZTEGCE43DA24,S25-121,08-jul-25
69644,ZTEGCE43DA35,S25-121,08-jul-25
69644,ZTEGCE43DA53,S25-121,08-jul-25
69644,ZTEGCE43DA6F,S25-121,08-jul-25
69644,ZTEGCE43DA70,S25-121,08-jul-25
69644,ZTEGCE43DA87,S25-121,08-jul-25
69644,ZTEGCE43DAB9,S25-121,08-jul-25
69644,ZTEGCE43DAEB,S25-121,08-jul-25
69644,ZTEGCE43DAEC,S25-121,08-jul-25
69644,ZTEGCE43DAF6,S25-121,08-jul-25
69644,ZTEGCE43DAF8,S25-121,08-jul-25
69644,ZTEGCE43DB0B,S25-121,08-jul-25
69644,ZTEGCE43DB32,S25-121,08-jul-25
69644,ZTEGCE43DB33,S25-121,08-jul-25
69644,ZTEGC45BB1DD,S25-121,08-jul-25
69644,ZTEGC45BB1E1,S25-121,08-jul-25
69644,ZTEGC45BB1F9,S25-121,08-jul-25
69644,ZTEGC45BB232,S25-121,08-jul-25
69644,ZTEGC45BB282,S25-121,08-jul-25
69644,ZTEGC45BB287,S25-121,08-jul-25
69644,ZTEGC45BB29A,S25-121,08-jul-25
69644,ZTEGC45BB2A9,S25-121,08-jul-25
69644,ZTEGC45BB2AA,S25-121,08-jul-25
69644,ZTEGC45BB452,S25-121,08-jul-25
69644,ZTEGC45BB4A0,S25-121,08-jul-25
69644,ZTEGC45BB601,S25-121,08-jul-25
69644,ZTEGC45BB82E,S25-121,08-jul-25
69644,ZTEGC45BBB71,S25-121,08-jul-25
69644,ZTEGC45BBC83,S25-121,08-jul-25
69644,ZTEGC45BBE7D,S25-121,08-jul-25
69644,ZTEGC45BBEAF,S25-121,08-jul-25
69644,ZTEGC45BC157,S25-121,08-jul-25
69644,ZTEGC45BCF51,S25-121,08-jul-25
69644,ZTEGC45BE2CE,S25-121,08-jul-25
69644,ZTEGC45BE5C6,S25-121,08-jul-25
69644,ZTEGC45BE73A,S25-121,08-jul-25
69644,ZTEGC45BE74F,S25-121,08-jul-25
69644,ZTEGC45BE78B,S25-121,08-jul-25
69644,ZTEGC45BE9EE,S25-121,08-jul-25
69644,ZTEGC45BEEAA,S25-121,08-jul-25
69644,ZTEGCE43DB3F,S25-121,08-jul-25
69644,ZTEGCE43DB42,S25-121,08-jul-25
69644,ZTEGCE43DB56,S25-121,08-jul-25
69644,ZTEGCE43DB59,S25-121,08-jul-25
69644,ZTEGCE43DB89,S25-121,08-jul-25
69644,ZTEGCE43DBBC,S25-121,08-jul-25
69644,ZTEGCE43DBDD,S25-121,08-jul-25
69644,ZTEGCE43DC15,S25-121,08-jul-25
69644,ZTEGCE43DC41,S25-121,08-jul-25
69644,ZTEGCE43DC4D,S25-121,08-jul-25
69644,ZTEGCE43DC62,S25-121,08-jul-25
69644,ZTEGCE43DE02,S25-121,08-jul-25
69644,ZTEGCE43DE2F,S25-121,08-jul-25
69644,ZTEGCE43DE9E,S25-121,08-jul-25
69644,ZTEGCE43DEB4,S25-121,08-jul-25
69644,ZTEGCE43DEFA,S25-121,08-jul-25
69644,ZTEGCE43DF14,S25-121,08-jul-25
69644,ZTEGCE43DF69,S25-121,08-jul-25
69644,ZTEGCE43DFB4,S25-121,08-jul-25
69644,ZTEGCE43DFE1,S25-121,08-jul-25
69644,ZTEGCE43DFF7,S25-121,08-jul-25
69644,ZTEGCE43DFFA,S25-121,08-jul-25
69644,ZTEGCE43E056,S25-121,08-jul-25
69644,ZTEGCE43E2C8,S25-121,08-jul-25
69644,ZTEGCE43E346,S25-121,08-jul-25
69644,ZTEGCE43E3A3,S25-121,08-jul-25
69644,ZTEGCE4DBEBE,S25-121,08-jul-25
69644,ZTEGCE4DC0E7,S25-121,08-jul-25
69644,ZTEGCE4DC160,S25-121,08-jul-25
69644,ZTEGCE4DC1B5,S25-121,08-jul-25
69644,ZTEGCE4DC1BE,S25-121,08-jul-25
69644,ZTEGCE4DC1E2,S25-121,08-jul-25
69644,ZTEGCE4DE415,S25-121,08-jul-25
69644,ZTEGCE4DE450,S25-121,08-jul-25
69644,ZTEGCE4DE4DE,S25-121,08-jul-25
69644,ZTEGCE4DE4E1,S25-121,08-jul-25
69644,ZTEGCE4DE526,S25-121,08-jul-25
69644,ZTEGCE4DE529,S25-121,08-jul-25
69644,ZTEGCE4DE533,S25-121,08-jul-25
69644,ZTEGCEA001AA,S25-121,08-jul-25
69644,ZTEGC45BD936,S25-121,08-jul-25
69644,ZTEGC45BE07C,S25-121,08-jul-25
69644,ZTEGC45BF33D,S25-121,08-jul-25
69644,ZTEGCE4423F4,S25-121,08-jul-25
69644,ZTEGCE4DE3E2,S25-121,08-jul-25
69644,ZTEGCE9FF57A,S25-121,08-jul-25
69644,ZTEGC45BB1BB,S25-121,08-jul-25
69644,ZTEGC45BB1D8,S25-121,08-jul-25
69644,ZTEGCE43E42C,S25-121,08-jul-25
69644,ZTEGCE43E6A8,S25-121,08-jul-25
69644,ZTEGCE43E80D,S25-121,08-jul-25
69644,ZTEGCE43EAC3,S25-121,08-jul-25
69644,ZTEGCE43EAE4,S25-121,08-jul-25
69644,ZTEGCE43ECB0,S25-121,08-jul-25
69644,ZTEGCE441C84,S25-121,08-jul-25
69644,ZTEGCE441C92,S25-121,08-jul-25
69644,ZTEGCE441CB5,S25-121,08-jul-25
69644,ZTEGCE441CD1,S25-121,08-jul-25
69644,ZTEGCE441CEF,S25-121,08-jul-25
69644,ZTEGCE441D1B,S25-121,08-jul-25
69644,ZTEGCE441D26,S25-121,08-jul-25
69644,ZTEGCE441D30,S25-121,08-jul-25
69644,ZTEGCE441D31,S25-121,08-jul-25
69644,ZTEGCE441D34,S25-121,08-jul-25
69644,ZTEGCE441E34,S25-121,08-jul-25
69644,ZTEGCE441E54,S25-121,08-jul-25
69644,ZTEGCE441E84,S25-121,08-jul-25
69644,ZTEGCE441E93,S25-121,08-jul-25
69644,ZTEGCE441E9A,S25-121,08-jul-25
69644,ZTEGCE441EB3,S25-121,08-jul-25
69644,ZTEGCE441EDF,S25-121,08-jul-25
69644,ZTEGCE441EE9,S25-121,08-jul-25
69644,ZTEGCE441EF3,S25-121,08-jul-25
69644,ZTEGCE441EFA,S25-121,08-jul-25
69644,ZTEGC45BFDBE,S25-121,08-jul-25
69644,ZTEGC45C1CD4,S25-121,08-jul-25
69644,ZTEGCE43B596,S25-121,08-jul-25
69644,ZTEGCE43D82F,S25-121,08-jul-25
69644,ZTEGCE441CBC,S25-121,08-jul-25
69644,ZTEGCE441CFA,S25-121,08-jul-25
69644,ZTEGCE441ED5,S25-121,08-jul-25
69644,ZTEGCE442129,S25-121,08-jul-25
69644,ZTEGCE4DBE98,S25-121,08-jul-25
69644,ZTEGC45C18DD,S25-145,02-sep-25
69644,ZTEGCE4D7DCE,S25-145,02-sep-25
69644,ZTEGCE4F4E83,S25-145,02-sep-25
69644,ZTEGCE5C73C1,S25-145,02-sep-25
69644,ZTEGCEDE0FC8,S25-145,02-sep-25
69644,ZTEGCEDE2022,S25-145,02-sep-25
69644,ZTEGCEDE2AA1,S25-145,02-sep-25
69644,ZTEGCEDE2D4E,S25-145,02-sep-25
69644,ZTEGC45BB654,S25-145,02-sep-25
69644,ZTEGC45BB738,S25-145,02-sep-25
69644,ZTEGC45BBD79,S25-145,02-sep-25
69644,ZTEGC45BBE94,S25-145,02-sep-25
69644,ZTEGC45BBF64,S25-145,02-sep-25
69644,ZTEGC45BCF9C,S25-145,02-sep-25
69644,ZTEGC45BD03B,S25-145,02-sep-25
69644,ZTEGC45BD5E6,S25-145,02-sep-25
69644,ZTEGC45BD798,S25-145,02-sep-25
69644,ZTEGC45BDD09,S25-145,02-sep-25
69644,ZTEGC45BDF47,S25-145,02-sep-25
69644,ZTEGC45BE34A,S25-145,02-sep-25
69644,ZTEGC45BE437,S25-145,02-sep-25
69644,ZTEGC45BE4A0,S25-145,02-sep-25
69644,ZTEGC45BE4D4,S25-145,02-sep-25
69644,ZTEGC45BE531,S25-145,02-sep-25
69644,ZTEGC45BE5FC,S25-145,02-sep-25
69644,ZTEGC45BE7E8,S25-145,02-sep-25
69644,ZTEGC45BE8AF,S25-145,02-sep-25
69644,ZTEGC45BEBF1,S25-145,02-sep-25
69644,ZTEGC45BF0AB,S25-145,02-sep-25
69644,ZTEGC45BF0B7,S25-145,02-sep-25
69644,ZTEGC45BF110,S25-145,02-sep-25
69644,ZTEGC45BF24B,S25-145,02-sep-25
69644,ZTEGC45BF27D,S25-145,02-sep-25
69644,ZTEGC45BF318,S25-145,02-sep-25
69644,ZTEGC45BF472,S25-145,02-sep-25
69644,ZTEGC45BF723,S25-145,02-sep-25
69644,ZTEGC45BF838,S25-145,02-sep-25
69644,ZTEGC45BF970,S25-145,02-sep-25
69644,ZTEGC45BFA7A,S25-145,02-sep-25
69644,ZTEGC45BFBEA,S25-145,02-sep-25
69644,ZTEGC45BFC1E,S25-145,02-sep-25
69644,ZTEGC45BFC80,S25-145,02-sep-25
69644,ZTEGCE43EFA7,S25-145,02-sep-25
69644,ZTEGCE43EFE7,S25-145,02-sep-25
69644,ZTEGCE43F077,S25-145,02-sep-25
69644,ZTEGCE43F0CA,S25-145,02-sep-25
69644,ZTEGCE43F11F,S25-145,02-sep-25
69644,ZTEGCE43F15A,S25-145,02-sep-25
69644,ZTEGCE43F180,S25-145,02-sep-25
69644,ZTEGCE43F261,S25-145,02-sep-25
69644,ZTEGCE43F3EF,S25-145,02-sep-25
69644,ZTEGCE43F433,S25-145,02-sep-25
69644,ZTEGCE43F48A,S25-145,02-sep-25
69644,ZTEGCE43F4FD,S25-145,02-sep-25
69644,ZTEGCE43F559,S25-145,02-sep-25
69644,ZTEGCE43F745,S25-145,02-sep-25
69644,ZTEGCE43F7C0,S25-145,02-sep-25
69644,ZTEGC45BFE6E,S25-145,02-sep-25
69644,ZTEGC45C00B3,S25-145,02-sep-25
69644,ZTEGC45C011C,S25-145,02-sep-25
69644,ZTEGC45C01FB,S25-145,02-sep-25
69644,ZTEGC45C0302,S25-145,02-sep-25
69644,ZTEGC45C08C2,S25-145,02-sep-25
69644,ZTEGC45C08EB,S25-145,02-sep-25
69644,ZTEGC45C08F3,S25-145,02-sep-25
69644,ZTEGC45C09E9,S25-145,02-sep-25
69644,ZTEGC45C0B01,S25-145,02-sep-25
69644,ZTEGC45C0B38,S25-145,02-sep-25
69644,ZTEGC45C0C32,S25-145,02-sep-25
69644,ZTEGC45C0E63,S25-145,02-sep-25
69644,ZTEGC45C0EC6,S25-145,02-sep-25
69644,ZTEGC45C10B7,S25-145,02-sep-25
69644,ZTEGCE4D2DD8,S25-145,02-sep-25
69644,ZTEGCE4D2DDC,S25-145,02-sep-25
69644,ZTEGCE4D2E5D,S25-145,02-sep-25
69644,ZTEGCE4D2EC2,S25-145,02-sep-25
69644,ZTEGCE4D2FAE,S25-145,02-sep-25
69644,ZTEGCE4D350A,S25-145,02-sep-25
69644,ZTEGCE4D395B,S25-145,02-sep-25
69644,ZTEGCE4D3A1D,S25-145,02-sep-25
69644,ZTEGCE4D3CDF,S25-145,02-sep-25
69644,ZTEGCE4D3EE5,S25-145,02-sep-25
69644,ZTEGCE4D470F,S25-145,02-sep-25
69644,ZTEGCE4D4722,S25-145,02-sep-25
69644,ZTEGCE4D4AAA,S25-145,02-sep-25
69644,ZTEGCE4D5911,S25-145,02-sep-25
69644,ZTEGCE4D59CC,S25-145,02-sep-25
69644,ZTEGCE4FD1E0,S25-145,02-sep-25
69644,ZTEGCE4FD1FB,S25-145,02-sep-25
69644,ZTEGCE4FD2A6,S25-145,02-sep-25
69644,ZTEGCE4FD718,S25-145,02-sep-25
69644,ZTEGCE4FD818,S25-145,02-sep-25
69644,ZTEGCE4FD81E,S25-145,02-sep-25
69644,ZTEGCE4FD88D,S25-145,02-sep-25
69644,ZTEGCE4FDB1D,S25-145,02-sep-25
69644,ZTEGCE4FDBA6,S25-145,02-sep-25
69644,ZTEGCE4FDC7E,S25-145,02-sep-25
69644,ZTEGCE4FDD55,S25-145,02-sep-25
69644,ZTEGCE4FDD86,S25-145,02-sep-25
69644,ZTEGCE4FDDCF,S25-145,02-sep-25
69644,ZTEGCE4FDEB7,S25-145,02-sep-25
69644,ZTEGCE4FDFB4,S25-145,02-sep-25
69644,ZTEGCE5C86B2,S25-145,02-sep-25
69644,ZTEGCE5C87D5,S25-145,02-sep-25
69644,ZTEGCE5C8827,S25-145,02-sep-25
69644,ZTEGCE5C8AA6,S25-145,02-sep-25
69644,ZTEGCE5C8DFE,S25-145,02-sep-25
69644,ZTEGCE5C8F3F,S25-145,02-sep-25
69644,ZTEGCE5C93A0,S25-145,02-sep-25
69644,ZTEGCE5C97C1,S25-145,02-sep-25
69644,ZTEGCE5C9846,S25-145,02-sep-25
69644,ZTEGCE5C9B3A,S25-145,02-sep-25
69644,ZTEGCE5C9CBB,S25-145,02-sep-25
69644,ZTEGCE5C9F1C,S25-145,02-sep-25
69644,ZTEGCE5CA0CD,S25-145,02-sep-25
69644,ZTEGCE5CA0DC,S25-145,02-sep-25
69644,ZTEGCE5CA1E1,S25-145,02-sep-25
69644,ZTEGCEDD4004,S25-145,02-sep-25
69644,ZTEGCEDD4030,S25-145,02-sep-25
69644,ZTEGCEDD45C3,S25-145,02-sep-25
69644,ZTEGCEDD468E,S25-145,02-sep-25
69644,ZTEGCEDD46EB,S25-145,02-sep-25
69644,ZTEGCEDD478C,S25-145,02-sep-25
69644,ZTEGCEDD47AF,S25-145,02-sep-25
69644,ZTEGCEDD49A1,S25-145,02-sep-25
69644,ZTEGCEDD4A4D,S25-145,02-sep-25
69644,ZTEGCEDD4A73,S25-145,02-sep-25
69644,ZTEGCEDD4D04,S25-145,02-sep-25
69644,ZTEGCEDD4E76,S25-145,02-sep-25
69644,ZTEGCEDD4ED5,S25-145,02-sep-25
69644,ZTEGCEDD51F0,S25-145,02-sep-25
69644,ZTEGCEDD5215,S25-145,02-sep-25
69644,ZTEGC45C11A4,S25-145,02-sep-25
69644,ZTEGC45C12B6,S25-145,02-sep-25
69644,ZTEGC45C1353,S25-145,02-sep-25
69644,ZTEGC45C1484,S25-145,02-sep-25
69644,ZTEGC45C15D6,S25-145,02-sep-25
69644,ZTEGC45C1C41,S25-145,02-sep-25
69644,ZTEGC45C1CE5,S25-145,02-sep-25
69644,ZTEGC45C1EE1,S25-145,02-sep-25
69644,ZTEGC45C20AE,S25-145,02-sep-25
69644,ZTEGC45C20B0,S25-145,02-sep-25
69644,ZTEGC45C2137,S25-145,02-sep-25
69644,ZTEGC45C2148,S25-145,02-sep-25
69644,ZTEGC45C2B88,S25-145,02-sep-25
69644,ZTEGC45C2C32,S25-145,02-sep-25
69644,ZTEGC45C2D05,S25-145,02-sep-25
69644,ZTEGCE4454FA,S25-145,02-sep-25
69644,ZTEGCE445A3B,S25-145,02-sep-25
69644,ZTEGCE445C21,S25-145,02-sep-25
69644,ZTEGCE445C4A,S25-145,02-sep-25
69644,ZTEGCE445FFE,S25-145,02-sep-25
69644,ZTEGCE446D11,S25-145,02-sep-25
69644,ZTEGCE446DC9,S25-145,02-sep-25
69644,ZTEGCE446E33,S25-145,02-sep-25
69644,ZTEGCE447119,S25-145,02-sep-25
69644,ZTEGCE4D22D8,S25-145,02-sep-25
69644,ZTEGCE4D2362,S25-145,02-sep-25
69644,ZTEGCE4D2376,S25-145,02-sep-25
69644,ZTEGCE4D238B,S25-145,02-sep-25
69644,ZTEGCE4D267F,S25-145,02-sep-25
69644,ZTEGCE4D2D59,S25-145,02-sep-25
69644,ZTEGCE4F7A69,S25-145,02-sep-25
69644,ZTEGCE4F7BC3,S25-145,02-sep-25
69644,ZTEGCE4F7FBC,S25-145,02-sep-25
69644,ZTEGCE4F7FC2,S25-145,02-sep-25
69644,ZTEGCE4F8002,S25-145,02-sep-25
69644,ZTEGCE4F800E,S25-145,02-sep-25
69644,ZTEGCE4F8036,S25-145,02-sep-25
69644,ZTEGCE4F8175,S25-145,02-sep-25
69644,ZTEGCE4F81FD,S25-145,02-sep-25
69644,ZTEGCE4F845A,S25-145,02-sep-25
69644,ZTEGCE4F8544,S25-145,02-sep-25
69644,ZTEGCE4F85DE,S25-145,02-sep-25
69644,ZTEGCE4F8762,S25-145,02-sep-25
69644,ZTEGCE4F891B,S25-145,02-sep-25
69644,ZTEGCE4F8BF0,S25-145,02-sep-25
69644,ZTEGCE4FF901,S25-145,02-sep-25
69644,ZTEGCE4FFB5D,S25-145,02-sep-25
69644,ZTEGCE4FFE20,S25-145,02-sep-25
69644,ZTEGCE4FFEBF,S25-145,02-sep-25
69644,ZTEGCE5001AE,S25-145,02-sep-25
69644,ZTEGCE5003D4,S25-145,02-sep-25
69644,ZTEGCE5007EE,S25-145,02-sep-25
69644,ZTEGCE5C18F8,S25-145,02-sep-25
69644,ZTEGCE5C1AF0,S25-145,02-sep-25
69644,ZTEGCE5C1B52,S25-145,02-sep-25
69644,ZTEGCE5C1BC9,S25-145,02-sep-25
69644,ZTEGCE5C1C3D,S25-145,02-sep-25
69644,ZTEGCE5C1CBC,S25-145,02-sep-25
69644,ZTEGCE5C1D3E,S25-145,02-sep-25
69644,ZTEGCE5C1D5E,S25-145,02-sep-25
69644,ZTEGCE9FF543,S25-145,02-sep-25
69644,ZTEGCE9FF5B8,S25-145,02-sep-25
69644,ZTEGCE9FF99F,S25-145,02-sep-25
69644,ZTEGCE9FF9AD,S25-145,02-sep-25
69644,ZTEGCE9FFA55,S25-145,02-sep-25
69644,ZTEGCEA00299,S25-145,02-sep-25
69644,ZTEGCEA004CE,S25-145,02-sep-25
69644,ZTEGCEA004E0,S25-145,02-sep-25
69644,ZTEGCEA0054D,S25-145,02-sep-25
69644,ZTEGCEA005A6,S25-145,02-sep-25
69644,ZTEGCEA01322,S25-145,02-sep-25
69644,ZTEGCEA01CF6,S25-145,02-sep-25
69644,ZTEGCEA01E2B,S25-145,02-sep-25
69644,ZTEGCEA01F7B,S25-145,02-sep-25
69644,ZTEGCEA020E7,S25-145,02-sep-25
69644,ZTEGCEDD8468,S25-145,02-sep-25
69644,ZTEGCEDD848C,S25-145,02-sep-25
69644,ZTEGCEDD85E8,S25-145,02-sep-25
69644,ZTEGCEDD86D8,S25-145,02-sep-25
69644,ZTEGCEDD8995,S25-145,02-sep-25
69644,ZTEGCEDD89F1,S25-145,02-sep-25
69644,ZTEGCEDD8CB4,S25-145,02-sep-25
69644,ZTEGCEDD8CF0,S25-145,02-sep-25
69644,ZTEGCEDD8E05,S25-145,02-sep-25
69644,ZTEGCEDD8EB3,S25-145,02-sep-25
69644,ZTEGCEDD8F2B,S25-145,02-sep-25
69644,ZTEGCEDD9052,S25-145,02-sep-25
69644,ZTEGCEDD9071,S25-145,02-sep-25
69644,ZTEGCEDD9174,S25-145,02-sep-25
69644,ZTEGCEDD939C,S25-145,02-sep-25
69644,ZTEGC45C2E50,S25-145,02-sep-25
69644,ZTEGC45C3146,S25-145,02-sep-25
69644,ZTEGC45C3168,S25-145,02-sep-25
69644,ZTEGC45C35BB,S25-145,02-sep-25
69644,ZTEGC45C36B4,S25-145,02-sep-25
69644,ZTEGC45C3CE2,S25-145,02-sep-25
69644,ZTEGC45C3D2F,S25-145,02-sep-25
69644,ZTEGC45C3FB9,S25-145,02-sep-25
69644,ZTEGC45C481E,S25-145,02-sep-25
69644,ZTEGC45C4C89,S25-145,02-sep-25
69644,ZTEGC45C4DA1,S25-145,02-sep-25
69644,ZTEGC45C4E69,S25-145,02-sep-25
69644,ZTEGC45C4F53,S25-145,02-sep-25
69644,ZTEGC45C5173,S25-145,02-sep-25
69644,ZTEGC45C51B0,S25-145,02-sep-25
69644,ZTEGCE43FA3F,S25-145,02-sep-25
69644,ZTEGCE43FB47,S25-145,02-sep-25
69644,ZTEGCE43FBC2,S25-145,02-sep-25
69644,ZTEGCE43FFFB,S25-145,02-sep-25
69644,ZTEGCE4400FE,S25-145,02-sep-25
69644,ZTEGCE440206,S25-145,02-sep-25
69644,ZTEGCE4405C2,S25-145,02-sep-25
69644,ZTEGCE4407A3,S25-145,02-sep-25
69644,ZTEGCE440B8D,S25-145,02-sep-25
69644,ZTEGCE440FEE,S25-145,02-sep-25
69644,ZTEGCE44105A,S25-145,02-sep-25
69644,ZTEGCE441126,S25-145,02-sep-25
69644,ZTEGCE44121C,S25-145,02-sep-25
69644,ZTEGCE44132B,S25-145,02-sep-25
69644,ZTEGCE4419FB,S25-145,02-sep-25
69644,ZTEGCE4F8F71,S25-145,02-sep-25
69644,ZTEGCE4F908F,S25-145,02-sep-25
69644,ZTEGCE4F9185,S25-145,02-sep-25
69644,ZTEGCE4F9430,S25-145,02-sep-25
69644,ZTEGCE4F96F9,S25-145,02-sep-25
69644,ZTEGCE4F980A,S25-145,02-sep-25
69644,ZTEGCE4F98AF,S25-145,02-sep-25
69644,ZTEGCE4F9998,S25-145,02-sep-25
69644,ZTEGCE4F99C0,S25-145,02-sep-25
69644,ZTEGCE4F99D6,S25-145,02-sep-25
69644,ZTEGCE4F9A94,S25-145,02-sep-25
69644,ZTEGCE4F9D0B,S25-145,02-sep-25
69644,ZTEGCE4F9D2C,S25-145,02-sep-25
69644,ZTEGCE4F9D5B,S25-145,02-sep-25
69644,ZTEGCE4F9F77,S25-145,02-sep-25
69644,ZTEGCE4FEC81,S25-145,02-sep-25
69644,ZTEGCE4FED9D,S25-145,02-sep-25
69644,ZTEGCE4FF083,S25-145,02-sep-25
69644,ZTEGCE4FF119,S25-145,02-sep-25
69644,ZTEGCE4FF16C,S25-145,02-sep-25
69644,ZTEGCE4FF195,S25-145,02-sep-25
69644,ZTEGCE4FF1EB,S25-145,02-sep-25
69644,ZTEGCE4FF1EF,S25-145,02-sep-25
69644,ZTEGCE4FF257,S25-145,02-sep-25
69644,ZTEGCE4FF2B8,S25-145,02-sep-25
69644,ZTEGCE4FF2F1,S25-145,02-sep-25
69644,ZTEGCE4FF302,S25-145,02-sep-25
69644,ZTEGCE4FF453,S25-145,02-sep-25
69644,ZTEGCE4FF4B5,S25-145,02-sep-25
69644,ZTEGCE4FF503,S25-145,02-sep-25
69644,ZTEGCE5CA37F,S25-145,02-sep-25
69644,ZTEGCE5CA494,S25-145,02-sep-25
69644,ZTEGCE5CA529,S25-145,02-sep-25
69644,ZTEGCE5CA545,S25-145,02-sep-25
69644,ZTEGCE5CA5B8,S25-145,02-sep-25
69644,ZTEGCE5CA695,S25-145,02-sep-25
69644,ZTEGCE5CA6A4,S25-145,02-sep-25
69644,ZTEGCE5CA98C,S25-145,02-sep-25
69644,ZTEGCE5CAB27,S25-145,02-sep-25
69644,ZTEGCE5CAB96,S25-145,02-sep-25
69644,ZTEGCE5CAD93,S25-145,02-sep-25
69644,ZTEGCE5CAEA8,S25-145,02-sep-25
69644,ZTEGCE5CB211,S25-145,02-sep-25
69644,ZTEGCE5CB26F,S25-145,02-sep-25
69644,ZTEGCE5CB2E7,S25-145,02-sep-25
69644,ZTEGCEDD667F,S25-145,02-sep-25
69644,ZTEGCEDD6691,S25-145,02-sep-25
69644,ZTEGCEDD67F3,S25-145,02-sep-25
69644,ZTEGCEDD6826,S25-145,02-sep-25
69644,ZTEGCEDD688B,S25-145,02-sep-25
69644,ZTEGCEDD7000,S25-145,02-sep-25
69644,ZTEGCEDD71FD,S25-145,02-sep-25
69644,ZTEGCEDD75E8,S25-145,02-sep-25
69644,ZTEGCEDD75F3,S25-145,02-sep-25
69644,ZTEGCEDD7704,S25-145,02-sep-25
69644,ZTEGCEDD7AF3,S25-145,02-sep-25
69644,ZTEGCEDD7C51,S25-145,02-sep-25
69644,ZTEGCEDD7FC9,S25-145,02-sep-25
69644,ZTEGCEDD8071,S25-145,02-sep-25
69644,ZTEGCEDD831E,S25-145,02-sep-25
69644,ZTEGC45C52D4,S25-145,02-sep-25
69644,ZTEGC45C537B,S25-145,02-sep-25
69644,ZTEGC45C5390,S25-145,02-sep-25
69644,ZTEGC45C5471,S25-145,02-sep-25
69644,ZTEGC45C5552,S25-145,02-sep-25
69644,ZTEGC45C55EE,S25-145,02-sep-25
69644,ZTEGC45C55F0,S25-145,02-sep-25
69644,ZTEGC45C596D,S25-145,02-sep-25
69644,ZTEGC45C597F,S25-145,02-sep-25
69644,ZTEGC45C5A44,S25-145,02-sep-25
69644,ZTEGC45C5A6A,S25-145,02-sep-25
69644,ZTEGC45C5AA8,S25-145,02-sep-25
69644,ZTEGC45C5B58,S25-145,02-sep-25
69644,ZTEGC45C5DEC,S25-145,02-sep-25
69644,ZTEGC45C5F3B,S25-145,02-sep-25
69644,ZTEGCE44245A,S25-145,02-sep-25
69644,ZTEGCE4426F0,S25-145,02-sep-25
69644,ZTEGCE44281F,S25-145,02-sep-25
69644,ZTEGCE443045,S25-145,02-sep-25
69644,ZTEGCE443228,S25-145,02-sep-25
69644,ZTEGCE4432FE,S25-145,02-sep-25
69644,ZTEGCE44362B,S25-145,02-sep-25
69644,ZTEGCE443E7F,S25-145,02-sep-25
69644,ZTEGCE44402C,S25-145,02-sep-25
69644,ZTEGCE444307,S25-145,02-sep-25
69644,ZTEGCE444454,S25-145,02-sep-25
69644,ZTEGCE4447C3,S25-145,02-sep-25
69644,ZTEGCE444803,S25-145,02-sep-25
69644,ZTEGCE444CB4,S25-145,02-sep-25
69644,ZTEGCE444DBE,S25-145,02-sep-25
69644,ZTEGCE4FBD1F,S25-145,02-sep-25
69644,ZTEGCE4FBD78,S25-145,02-sep-25
69644,ZTEGCE4FC2F2,S25-145,02-sep-25
69644,ZTEGCE4FC38B,S25-145,02-sep-25
69644,ZTEGCE4FC6EB,S25-145,02-sep-25
69644,ZTEGCE4FC768,S25-145,02-sep-25
69644,ZTEGCE4FC88C,S25-145,02-sep-25
69644,ZTEGCE4FCA05,S25-145,02-sep-25
69644,ZTEGCE4FCA3A,S25-145,02-sep-25
69644,ZTEGCE4FCBB7,S25-145,02-sep-25
69644,ZTEGCE4FCC19,S25-145,02-sep-25
69644,ZTEGCE4FCC23,S25-145,02-sep-25
69644,ZTEGCE4FCDD6,S25-145,02-sep-25
69644,ZTEGCE4FCE7C,S25-145,02-sep-25
69644,ZTEGCE4FD1DD,S25-145,02-sep-25
69644,ZTEGCE5C35FA,S25-145,02-sep-25
69644,ZTEGCE5C366B,S25-145,02-sep-25
69644,ZTEGCE5C3688,S25-145,02-sep-25
69644,ZTEGCE5C36E7,S25-145,02-sep-25
69644,ZTEGCE5C38D5,S25-145,02-sep-25
69644,ZTEGCE5C3905,S25-145,02-sep-25
69644,ZTEGCE5C3ABC,S25-145,02-sep-25
69644,ZTEGCE5C3B32,S25-145,02-sep-25
69644,ZTEGCE5C3B64,S25-145,02-sep-25
69644,ZTEGCE5C3DAE,S25-145,02-sep-25
69644,ZTEGCE5C3FD9,S25-145,02-sep-25
69644,ZTEGCE5C3FEB,S25-145,02-sep-25
69644,ZTEGCE5C3FF1,S25-145,02-sep-25
69644,ZTEGCE5C4008,S25-145,02-sep-25
69644,ZTEGCE5C408F,S25-145,02-sep-25
69644,ZTEGCEA089FA,S25-145,02-sep-25
69644,ZTEGCEA08C24,S25-145,02-sep-25
69644,ZTEGCEA08E7B,S25-145,02-sep-25
69644,ZTEGCEA09049,S25-145,02-sep-25
69644,ZTEGCEA0904B,S25-145,02-sep-25
69644,ZTEGCEA09065,S25-145,02-sep-25
69644,ZTEGCEA090B0,S25-145,02-sep-25
69644,ZTEGCEA090B9,S25-145,02-sep-25
69644,ZTEGCEA09149,S25-145,02-sep-25
69644,ZTEGCEA0921E,S25-145,02-sep-25
69644,ZTEGCEA093D7,S25-145,02-sep-25
69644,ZTEGCEA093F2,S25-145,02-sep-25
69644,ZTEGCEA0945D,S25-145,02-sep-25
69644,ZTEGCEA09490,S25-145,02-sep-25
69644,ZTEGCEA094F7,S25-145,02-sep-25
69644,ZTEGCEDE31BC,S25-145,02-sep-25
69644,ZTEGCEDE31C9,S25-145,02-sep-25
69644,ZTEGCEDE32A9,S25-145,02-sep-25
69644,ZTEGCEDE32B4,S25-145,02-sep-25
69644,ZTEGCEDE32FF,S25-145,02-sep-25
69644,ZTEGCEDE346B,S25-145,02-sep-25
69644,ZTEGCEDE3581,S25-145,02-sep-25
69644,ZTEGCEDE36B0,S25-145,02-sep-25
69644,ZTEGCEDE36F1,S25-145,02-sep-25
69644,ZTEGCEDE39D5,S25-145,02-sep-25
69644,ZTEGCEDE3A9F,S25-145,02-sep-25
69644,ZTEGCEDE3ABB,S25-145,02-sep-25
69644,ZTEGCEDE3B4C,S25-145,02-sep-25
69644,ZTEGCEDE3BE7,S25-145,02-sep-25
69644,ZTEGCEDE3E0A,S25-145,02-sep-25
69644,ZTEGC45C5FC2,S25-145,02-sep-25
69644,ZTEGC45C60BC,S25-145,02-sep-25
69644,ZTEGC45C6151,S25-145,02-sep-25
69644,ZTEGC45C6341,S25-145,02-sep-25
69644,ZTEGC45C657C,S25-145,02-sep-25
69644,ZTEGC45C69C8,S25-145,02-sep-25
69644,ZTEGC45C6A7D,S25-145,02-sep-25
69644,ZTEGC45C6F2C,S25-145,02-sep-25
69644,ZTEGC45C7014,S25-145,02-sep-25
69644,ZTEGC45C70A8,S25-145,02-sep-25
69644,ZTEGC45C71DE,S25-145,02-sep-25
69644,ZTEGC45C726F,S25-145,02-sep-25
69644,ZTEGC45C73C8,S25-145,02-sep-25
69644,ZTEGCE43ADDE,S25-145,02-sep-25
69644,ZTEGCE43AE62,S25-145,02-sep-25
69644,ZTEGCE4D5A20,S25-145,02-sep-25
69644,ZTEGCE4D5F38,S25-145,02-sep-25
69644,ZTEGCE4D6D0F,S25-145,02-sep-25
69644,ZTEGCE4D71DA,S25-145,02-sep-25
69644,ZTEGCE4D7764,S25-145,02-sep-25
69644,ZTEGCE4D7A97,S25-145,02-sep-25
69644,ZTEGCE4D7BC9,S25-145,02-sep-25
69644,ZTEGCE4D7D22,S25-145,02-sep-25
69644,ZTEGCE4D7D8C,S25-145,02-sep-25
69644,ZTEGCE4D7EDC,S25-145,02-sep-25
69644,ZTEGCE4D7EF6,S25-145,02-sep-25
69644,ZTEGCE4D7FE5,S25-145,02-sep-25
69644,ZTEGCE4D7FF5,S25-145,02-sep-25
69644,ZTEGCE4D8055,S25-145,02-sep-25
69644,ZTEGCE4D80AB,S25-145,02-sep-25
69644,ZTEGCE4FAFCC,S25-145,02-sep-25
69644,ZTEGCE4FB057,S25-145,02-sep-25
69644,ZTEGCE4FB0D0,S25-145,02-sep-25
69644,ZTEGCE4FB314,S25-145,02-sep-25
69644,ZTEGCE4FB357,S25-145,02-sep-25
69644,ZTEGCE4FB436,S25-145,02-sep-25
69644,ZTEGCE4FB49C,S25-145,02-sep-25
69644,ZTEGCE4FB5A9,S25-145,02-sep-25
69644,ZTEGCE4FB706,S25-145,02-sep-25
69644,ZTEGCE4FB7CB,S25-145,02-sep-25
69644,ZTEGCE4FB8C8,S25-145,02-sep-25
69644,ZTEGCE4FBA8D,S25-145,02-sep-25
69644,ZTEGCE4FBB14,S25-145,02-sep-25
69644,ZTEGCE4FBBAD,S25-145,02-sep-25
69644,ZTEGCE4FBD0B,S25-145,02-sep-25
69644,ZTEGCE5C29F5,S25-145,02-sep-25
69644,ZTEGCE5C29F6,S25-145,02-sep-25
69644,ZTEGCE5C2A2F,S25-145,02-sep-25
69644,ZTEGCE5C2A3A,S25-145,02-sep-25
69644,ZTEGCE5C2A46,S25-145,02-sep-25
69644,ZTEGCE5C2C44,S25-145,02-sep-25
69644,ZTEGCE5C3076,S25-145,02-sep-25
69644,ZTEGCE5C308E,S25-145,02-sep-25
69644,ZTEGCE5C30C5,S25-145,02-sep-25
69644,ZTEGCE5C3155,S25-145,02-sep-25
69644,ZTEGCE5C3164,S25-145,02-sep-25
69644,ZTEGCE5C325A,S25-145,02-sep-25
69644,ZTEGCE5C32EF,S25-145,02-sep-25
69644,ZTEGCE5C34E3,S25-145,02-sep-25
69644,ZTEGCE5C35AA,S25-145,02-sep-25
69644,ZTEGCE5CC137,S25-145,02-sep-25
69644,ZTEGCE5CC160,S25-145,02-sep-25
69644,ZTEGCE5CC260,S25-145,02-sep-25
69644,ZTEGCE9FE018,S25-145,02-sep-25
69644,ZTEGCE9FE2EC,S25-145,02-sep-25
69644,ZTEGCE9FE734,S25-145,02-sep-25
69644,ZTEGCE9FE7AD,S25-145,02-sep-25
69644,ZTEGCE9FE7CA,S25-145,02-sep-25
69644,ZTEGCE9FE7EF,S25-145,02-sep-25
69644,ZTEGCE9FEB2F,S25-145,02-sep-25
69644,ZTEGCE9FEB68,S25-145,02-sep-25
69644,ZTEGCE9FED43,S25-145,02-sep-25
69644,ZTEGCE9FED8A,S25-145,02-sep-25
69644,ZTEGCE9FEFE9,S25-145,02-sep-25
69644,ZTEGCE9FF32E,S25-145,02-sep-25
69644,ZTEGCEDD5918,S25-145,02-sep-25
69644,ZTEGCEDD593B,S25-145,02-sep-25
69644,ZTEGCEDD599B,S25-145,02-sep-25
69644,ZTEGCEDD5A12,S25-145,02-sep-25
69644,ZTEGCEDD5A79,S25-145,02-sep-25
69644,ZTEGCEDD5AB8,S25-145,02-sep-25
69644,ZTEGCEDD5AC1,S25-145,02-sep-25
69644,ZTEGCEDD5B72,S25-145,02-sep-25
69644,ZTEGCEDD5D57,S25-145,02-sep-25
69644,ZTEGCEDD5D69,S25-145,02-sep-25
69644,ZTEGCEDD63A1,S25-145,02-sep-25
69644,ZTEGCEDD63C5,S25-145,02-sep-25
69644,ZTEGCEDD6451,S25-145,02-sep-25
69644,ZTEGCEDD6491,S25-145,02-sep-25
69644,ZTEGCEDD64DF,S25-145,02-sep-25
69644,ZTEGCE43B2C4,S25-145,02-sep-25
69644,ZTEGCE43B504,S25-145,02-sep-25
69644,ZTEGCE43B614,S25-145,02-sep-25
69644,ZTEGCE43BA84,S25-145,02-sep-25
69644,ZTEGCE43BC3B,S25-145,02-sep-25
69644,ZTEGCE43BC4A,S25-145,02-sep-25
69644,ZTEGCE43BCA7,S25-145,02-sep-25
69644,ZTEGCE43C63C,S25-145,02-sep-25
69644,ZTEGCE43C849,S25-145,02-sep-25
69644,ZTEGCE43C8EC,S25-145,02-sep-25
69644,ZTEGCE43CB5B,S25-145,02-sep-25
69644,ZTEGCE43CD61,S25-145,02-sep-25
69644,ZTEGCE43D0B6,S25-145,02-sep-25
69644,ZTEGCE43D0F8,S25-145,02-sep-25
69644,ZTEGCE43D233,S25-145,02-sep-25
69644,ZTEGCE4D821D,S25-145,02-sep-25
69644,ZTEGCE4D8308,S25-145,02-sep-25
69644,ZTEGCE4D856C,S25-145,02-sep-25
69644,ZTEGCE4D877A,S25-145,02-sep-25
69644,ZTEGCE4D87C0,S25-145,02-sep-25
69644,ZTEGCE4D8925,S25-145,02-sep-25
69644,ZTEGCE4D8A16,S25-145,02-sep-25
69644,ZTEGCE4D8BBE,S25-145,02-sep-25
69644,ZTEGCE4D8C4E,S25-145,02-sep-25
69644,ZTEGCE4D8CBD,S25-145,02-sep-25
69644,ZTEGCE4D8D0D,S25-145,02-sep-25
69644,ZTEGCE4D8D69,S25-145,02-sep-25
69644,ZTEGCE4D8D6D,S25-145,02-sep-25
69644,ZTEGCE4D8E58,S25-145,02-sep-25
69644,ZTEGCE4D92D6,S25-145,02-sep-25
69644,ZTEGCE4F9FB5,S25-145,02-sep-25
69644,ZTEGCE4FA0D4,S25-145,02-sep-25
69644,ZTEGCE4FA3A8,S25-145,02-sep-25
69644,ZTEGCE4FA3B1,S25-145,02-sep-25
69644,ZTEGCE4FA3BB,S25-145,02-sep-25
69644,ZTEGCE4FA611,S25-145,02-sep-25
69644,ZTEGCE4FA785,S25-145,02-sep-25
69644,ZTEGCE4FA91B,S25-145,02-sep-25
69644,ZTEGCE4FAA11,S25-145,02-sep-25
69644,ZTEGCE4FAA5A,S25-145,02-sep-25
69644,ZTEGCE4FADB5,S25-145,02-sep-25
69644,ZTEGCE4FAE8A,S25-145,02-sep-25
69644,ZTEGCE4FAF81,S25-145,02-sep-25
69644,ZTEGCE4FAF9D,S25-145,02-sep-25
69644,ZTEGCE4FAFBA,S25-145,02-sep-25
69644,ZTEGCE5C1D98,S25-145,02-sep-25
69644,ZTEGCE5C1DD2,S25-145,02-sep-25
69644,ZTEGCE5C1F7D,S25-145,02-sep-25
69644,ZTEGCE5C201B,S25-145,02-sep-25
69644,ZTEGCE5C20BE,S25-145,02-sep-25
69644,ZTEGCE5C2100,S25-145,02-sep-25
69644,ZTEGCE5C210D,S25-145,02-sep-25
69644,ZTEGCE5C2120,S25-145,02-sep-25
69644,ZTEGCE5C2127,S25-145,02-sep-25
69644,ZTEGCE5C25A1,S25-145,02-sep-25
69644,ZTEGCE5C269A,S25-145,02-sep-25
69644,ZTEGCE5C2875,S25-145,02-sep-25
69644,ZTEGCE5C288C,S25-145,02-sep-25
69644,ZTEGCE5C28D5,S25-145,02-sep-25
69644,ZTEGCE5C2909,S25-145,02-sep-25
69644,ZTEGCE5CB38E,S25-145,02-sep-25
69644,ZTEGCE5CB48B,S25-145,02-sep-25
69644,ZTEGCE5CB637,S25-145,02-sep-25
69644,ZTEGCE5CB746,S25-145,02-sep-25
69644,ZTEGCE5CB851,S25-145,02-sep-25
69644,ZTEGCE5CB96B,S25-145,02-sep-25
69644,ZTEGCE5CBA05,S25-145,02-sep-25
69644,ZTEGCE5CBAEA,S25-145,02-sep-25
69644,ZTEGCE5CBB16,S25-145,02-sep-25
69644,ZTEGCE5CBB6C,S25-145,02-sep-25
69644,ZTEGCE5CBBA3,S25-145,02-sep-25
69644,ZTEGCE5CBC13,S25-145,02-sep-25
69644,ZTEGCE5CBC3E,S25-145,02-sep-25
69644,ZTEGCE5CBF79,S25-145,02-sep-25
69644,ZTEGCE5CC0B8,S25-145,02-sep-25
69644,ZTEGCEDD521F,S25-145,02-sep-25
69644,ZTEGCEDD5287,S25-145,02-sep-25
69644,ZTEGCEDD530E,S25-145,02-sep-25
69644,ZTEGCEDD530F,S25-145,02-sep-25
69644,ZTEGCEDD548B,S25-145,02-sep-25
69644,ZTEGCEDD56CA,S25-145,02-sep-25
69644,ZTEGCEDD56CF,S25-145,02-sep-25
69644,ZTEGCEDD56F9,S25-145,02-sep-25
69644,ZTEGCEDD577B,S25-145,02-sep-25
69644,ZTEGCEDD5862,S25-145,02-sep-25
69644,ZTEGCEDD58A1,S25-145,02-sep-25
69644,ZTEGCEDD58C1,S25-145,02-sep-25
69644,ZTEGCEDD58E7,S25-145,02-sep-25
69644,ZTEGCEDD58EF,S25-145,02-sep-25
69644,ZTEGCEDD58F4,S25-145,02-sep-25
69644,ZTEGCE43D547,S25-145,02-sep-25
69644,ZTEGCE43D565,S25-145,02-sep-25
69644,ZTEGCE43D59F,S25-145,02-sep-25
69644,ZTEGCE43DA7C,S25-145,02-sep-25
69644,ZTEGCE43DECC,S25-145,02-sep-25
69644,ZTEGCE43DF33,S25-145,02-sep-25
69644,ZTEGCE43E069,S25-145,02-sep-25
69644,ZTEGCE43E099,S25-145,02-sep-25
69644,ZTEGCE43E0E4,S25-145,02-sep-25
69644,ZTEGCE43E107,S25-145,02-sep-25
69644,ZTEGCE43E602,S25-145,02-sep-25
69644,ZTEGCE43E62B,S25-145,02-sep-25
69644,ZTEGCE43E6D5,S25-145,02-sep-25
69644,ZTEGCE43E9C1,S25-145,02-sep-25
69644,ZTEGCE43EA9D,S25-145,02-sep-25
69644,ZTEGCE4DD921,S25-145,02-sep-25
69644,ZTEGCE4DE3A5,S25-145,02-sep-25
69644,ZTEGCE4DE52C,S25-145,02-sep-25
69644,ZTEGCE4F370E,S25-145,02-sep-25
69644,ZTEGCE4F371A,S25-145,02-sep-25
69644,ZTEGCE4F38D4,S25-145,02-sep-25
69644,ZTEGCE4F3BE8,S25-145,02-sep-25
69644,ZTEGCE4F3F39,S25-145,02-sep-25
69644,ZTEGCE4F4029,S25-145,02-sep-25
69644,ZTEGCE4F409B,S25-145,02-sep-25
69644,ZTEGCE4F4377,S25-145,02-sep-25
69644,ZTEGCE4F43D8,S25-145,02-sep-25
69644,ZTEGCE4F4800,S25-145,02-sep-25
69644,ZTEGCE4F485D,S25-145,02-sep-25
69644,ZTEGCE4F4CFF,S25-145,02-sep-25
69644,ZTEGCE4FE0C8,S25-145,02-sep-25
69644,ZTEGCE4FE0DF,S25-145,02-sep-25
69644,ZTEGCE4FE171,S25-145,02-sep-25
69644,ZTEGCE4FE249,S25-145,02-sep-25
69644,ZTEGCE4FE5F7,S25-145,02-sep-25
69644,ZTEGCE4FE80E,S25-145,02-sep-25
69644,ZTEGCE4FE889,S25-145,02-sep-25
69644,ZTEGCE4FEA08,S25-145,02-sep-25
69644,ZTEGCE4FEA1B,S25-145,02-sep-25
69644,ZTEGCE4FEA8C,S25-145,02-sep-25
69644,ZTEGCE4FEA96,S25-145,02-sep-25
69644,ZTEGCE4FEAA3,S25-145,02-sep-25
69644,ZTEGCE4FEB7A,S25-145,02-sep-25
69644,ZTEGCE4FEB9C,S25-145,02-sep-25
69644,ZTEGCE4FEBCF,S25-145,02-sep-25
69644,ZTEGCE5C50DA,S25-145,02-sep-25
69644,ZTEGCE5C51B8,S25-145,02-sep-25
69644,ZTEGCE5C52AD,S25-145,02-sep-25
69644,ZTEGCE5C52BA,S25-145,02-sep-25
69644,ZTEGCE5C53AA,S25-145,02-sep-25
69644,ZTEGCE5C5470,S25-145,02-sep-25
69644,ZTEGCE5C551E,S25-145,02-sep-25
69644,ZTEGCE5C5535,S25-145,02-sep-25
69644,ZTEGCE5C57C8,S25-145,02-sep-25
69644,ZTEGCE5C5A98,S25-145,02-sep-25
69644,ZTEGCE5C5BFD,S25-145,02-sep-25
69644,ZTEGCE5C5C1F,S25-145,02-sep-25
69644,ZTEGCE5C5D06,S25-145,02-sep-25
69644,ZTEGCE5C5DBC,S25-145,02-sep-25
69644,ZTEGCE5C5F1E,S25-145,02-sep-25
69644,ZTEGCEDD331C,S25-145,02-sep-25
69644,ZTEGCEDD3672,S25-145,02-sep-25
69644,ZTEGCEDD3721,S25-145,02-sep-25
69644,ZTEGCEDD3722,S25-145,02-sep-25
69644,ZTEGCEDD374D,S25-145,02-sep-25
69644,ZTEGCEDD3877,S25-145,02-sep-25
69644,ZTEGCEDD3975,S25-145,02-sep-25
69644,ZTEGCEDD399B,S25-145,02-sep-25
69644,ZTEGCEDD3A66,S25-145,02-sep-25
69644,ZTEGCEDD3AD1,S25-145,02-sep-25
69644,ZTEGCEDD3B9F,S25-145,02-sep-25
69644,ZTEGCEDD3BA0,S25-145,02-sep-25
69644,ZTEGCEDD3C3C,S25-145,02-sep-25
69644,ZTEGCEDD3C7A,S25-145,02-sep-25
69644,ZTEGCEDD3E16,S25-145,02-sep-25
69644,ZTEGCE4D94C1,S25-145,02-sep-25
69644,ZTEGCE4D9526,S25-145,02-sep-25
69644,ZTEGCE4D9826,S25-145,02-sep-25
69644,ZTEGCE4D998B,S25-145,02-sep-25
69644,ZTEGCE4D99DD,S25-145,02-sep-25
69644,ZTEGCE4D9BA5,S25-145,02-sep-25
69644,ZTEGCE4D9BB5,S25-145,02-sep-25
69644,ZTEGCE4D9BC5,S25-145,02-sep-25
69644,ZTEGCE4D9BCC,S25-145,02-sep-25
69644,ZTEGCE4D9BE7,S25-145,02-sep-25
69644,ZTEGCE4D9BED,S25-145,02-sep-25
69644,ZTEGCE4D9CA9,S25-145,02-sep-25
69644,ZTEGCE4D9DCF,S25-145,02-sep-25
69644,ZTEGCE4D9E92,S25-145,02-sep-25
69644,ZTEGCE4DA019,S25-145,02-sep-25
69644,ZTEGCEA095CE,S25-145,02-sep-25
69644,ZTEGCEA095E1,S25-145,02-sep-25
69644,ZTEGCEA0968E,S25-145,02-sep-25
69644,ZTEGCEA09A4E,S25-145,02-sep-25
69644,ZTEGCEA09B49,S25-145,02-sep-25
69644,ZTEGCEA09B9E,S25-145,02-sep-25
69644,ZTEGCEA09BAF,S25-145,02-sep-25
69644,ZTEGCEA09BDE,S25-145,02-sep-25
69644,ZTEGCEA09CBD,S25-145,02-sep-25
69644,ZTEGCEA09D5C,S25-145,02-sep-25
69644,ZTEGCEA09DA9,S25-145,02-sep-25
69644,ZTEGCEDD175B,S25-145,02-sep-25
69644,ZTEGCEDD1856,S25-145,02-sep-25
69644,ZTEGCEDD195D,S25-145,02-sep-25
69644,ZTEGCEDD1A1A,S25-145,02-sep-25
69644,ZTEGCEDDFEC2,S25-145,02-sep-25
69644,ZTEGCEDDFF1C,S25-145,02-sep-25
69644,ZTEGCEDDFF52,S25-145,02-sep-25
69644,ZTEGCEDDFFC9,S25-145,02-sep-25
69644,ZTEGCEDE028C,S25-145,02-sep-25
69644,ZTEGCEDE03C5,S25-145,02-sep-25
69644,ZTEGCEDE04F5,S25-145,02-sep-25
69644,ZTEGCEDE0617,S25-145,02-sep-25
69644,ZTEGCEDE0978,S25-145,02-sep-25
69644,ZTEGCEDE0BCD,S25-145,02-sep-25
69644,ZTEGCEDE0C73,S25-145,02-sep-25
69644,ZTEGCEDE10A2,S25-145,02-sep-25
69644,ZTEGCEDE1108,S25-145,02-sep-25
69644,ZTEGCEDE113B,S25-145,02-sep-25
69644,ZTEGCEDE11CB,S25-145,02-sep-25
69644,ZTEGCE4DA02F,S25-145,02-sep-25
69644,ZTEGCE4DA058,S25-145,02-sep-25
69644,ZTEGCE4DA20E,S25-145,02-sep-25
69644,ZTEGCE4DA243,S25-145,02-sep-25
69644,ZTEGCE4DA2D6,S25-145,02-sep-25
69644,ZTEGCE4DA332,S25-145,02-sep-25
69644,ZTEGCE4DA390,S25-145,02-sep-25
69644,ZTEGCE4DA518,S25-145,02-sep-25
69644,ZTEGCE4DA5D1,S25-145,02-sep-25
69644,ZTEGCE4DA60F,S25-145,02-sep-25
69644,ZTEGCE4DA62B,S25-145,02-sep-25
69644,ZTEGCE4DA729,S25-145,02-sep-25
69644,ZTEGCE4DA7DE,S25-145,02-sep-25
69644,ZTEGCE4DA968,S25-145,02-sep-25
69644,ZTEGCE4DAA61,S25-145,02-sep-25
69644,ZTEGCE5C795C,S25-145,02-sep-25
69644,ZTEGCE5C7975,S25-145,02-sep-25
69644,ZTEGCE5C7A12,S25-145,02-sep-25
69644,ZTEGCE5C7ABC,S25-145,02-sep-25
69644,ZTEGCE5C7AF1,S25-145,02-sep-25
69644,ZTEGCE5C7BAC,S25-145,02-sep-25
69644,ZTEGCE5C7E84,S25-145,02-sep-25
69644,ZTEGCE5C7EF2,S25-145,02-sep-25
69644,ZTEGCE5C80CD,S25-145,02-sep-25
69644,ZTEGCE5C83C6,S25-145,02-sep-25
69644,ZTEGCE5C8481,S25-145,02-sep-25
69644,ZTEGCE5C84AF,S25-145,02-sep-25
69644,ZTEGCE5C8592,S25-145,02-sep-25
69644,ZTEGCE5C85F9,S25-145,02-sep-25
69644,ZTEGCE5C8609,S25-145,02-sep-25
69644,ZTEGCEDD1A38,S25-145,02-sep-25
69644,ZTEGCEDD1A74,S25-145,02-sep-25
69644,ZTEGCEDD1AF7,S25-145,02-sep-25
69644,ZTEGCEDD1CD2,S25-145,02-sep-25
69644,ZTEGCEDD1D09,S25-145,02-sep-25
69644,ZTEGCEDD1D26,S25-145,02-sep-25
69644,ZTEGCEDD1E27,S25-145,02-sep-25
69644,ZTEGCEDD1E74,S25-145,02-sep-25
69644,ZTEGCEDD1F9E,S25-145,02-sep-25
69644,ZTEGCEDD1FFB,S25-145,02-sep-25
69644,ZTEGCEDD20CA,S25-145,02-sep-25
69644,ZTEGCEDD20F6,S25-145,02-sep-25
69644,ZTEGCEDD20FD,S25-145,02-sep-25
69644,ZTEGCEDD2308,S25-145,02-sep-25
69644,ZTEGCEDD2596,S25-145,02-sep-25
69644,ZTEGCEDE11E7,S25-145,02-sep-25
69644,ZTEGCEDE12CF,S25-145,02-sep-25
69644,ZTEGCEDE1514,S25-145,02-sep-25
69644,ZTEGCEDE1610,S25-145,02-sep-25
69644,ZTEGCEDE162C,S25-145,02-sep-25
69644,ZTEGCEDE1666,S25-145,02-sep-25
69644,ZTEGCEDE168A,S25-145,02-sep-25
69644,ZTEGCEDE1BFA,S25-145,02-sep-25
69644,ZTEGCEDE1C4A,S25-145,02-sep-25
69644,ZTEGCEDE1F13,S25-145,02-sep-25
69644,ZTEGCEDE2042,S25-145,02-sep-25
69644,ZTEGCEDE2213,S25-145,02-sep-25
69644,ZTEGCEDE2375,S25-145,02-sep-25
69644,ZTEGCEDE238B,S25-145,02-sep-25
69644,ZTEGCEDE238E,S25-145,02-sep-25
69644,ZTEGCE4DAAE6,S25-145,02-sep-25
69644,ZTEGCE4DAD3C,S25-145,02-sep-25
69644,ZTEGCE4DAF21,S25-145,02-sep-25
69644,ZTEGCE4DAF41,S25-145,02-sep-25
69644,ZTEGCE4DAF9D,S25-145,02-sep-25
69644,ZTEGCE4DB0E1,S25-145,02-sep-25
69644,ZTEGCE4DB23D,S25-145,02-sep-25
69644,ZTEGCE4DB276,S25-145,02-sep-25
69644,ZTEGCE4DB2F7,S25-145,02-sep-25
69644,ZTEGCE4DB334,S25-145,02-sep-25
69644,ZTEGCE4DB368,S25-145,02-sep-25
69644,ZTEGCE4DB370,S25-145,02-sep-25
69644,ZTEGCE4DB3E0,S25-145,02-sep-25
69644,ZTEGCE4DB420,S25-145,02-sep-25
69644,ZTEGCE4DB457,S25-145,02-sep-25
69644,ZTEGCEA07C56,S25-145,02-sep-25
69644,ZTEGCEA08198,S25-145,02-sep-25
69644,ZTEGCEA08202,S25-145,02-sep-25
69644,ZTEGCEA08305,S25-145,02-sep-25
69644,ZTEGCEA083CC,S25-145,02-sep-25
69644,ZTEGCEA083EC,S25-145,02-sep-25
69644,ZTEGCEA08494,S25-145,02-sep-25
69644,ZTEGCEA0849F,S25-145,02-sep-25
69644,ZTEGCEA08514,S25-145,02-sep-25
69644,ZTEGCEA08615,S25-145,02-sep-25
69644,ZTEGCEA0865A,S25-145,02-sep-25
69644,ZTEGCEA086A1,S25-145,02-sep-25
69644,ZTEGCEA0872E,S25-145,02-sep-25
69644,ZTEGCEA08747,S25-145,02-sep-25
69644,ZTEGCEA087F1,S25-145,02-sep-25
69644,ZTEGCEDDE655,S25-145,02-sep-25
69644,ZTEGCEDDE661,S25-145,02-sep-25
69644,ZTEGCEDDE7D5,S25-145,02-sep-25
69644,ZTEGCEDDE9AD,S25-145,02-sep-25
69644,ZTEGCEDDEA0C,S25-145,02-sep-25
69644,ZTEGCEDDEAB9,S25-145,02-sep-25
69644,ZTEGCEDDEF7D,S25-145,02-sep-25
69644,ZTEGCEDDF35B,S25-145,02-sep-25
69644,ZTEGCEDDF642,S25-145,02-sep-25
69644,ZTEGCEDDFA32,S25-145,02-sep-25
69644,ZTEGCEDDFBAA,S25-145,02-sep-25
69644,ZTEGCEDDFBCB,S25-145,02-sep-25
69644,ZTEGCEDDFC58,S25-145,02-sep-25
69644,ZTEGCEDDFE57,S25-145,02-sep-25
69644,ZTEGCEDDFEA0,S25-145,02-sep-25
69644,ZTEGCE4DB564,S25-145,02-sep-25
69644,ZTEGCE4DB5B3,S25-145,02-sep-25
69644,ZTEGCE4DB648,S25-145,02-sep-25
69644,ZTEGCE4DB6FD,S25-145,02-sep-25
69644,ZTEGCE4DB73C,S25-145,02-sep-25
69644,ZTEGCE4DB76E,S25-145,02-sep-25
69644,ZTEGCE4DB79E,S25-145,02-sep-25
69644,ZTEGCE4DB7F2,S25-145,02-sep-25
69644,ZTEGCE4DB92B,S25-145,02-sep-25
69644,ZTEGCE4DBA8E,S25-145,02-sep-25
69644,ZTEGCE4DBC92,S25-145,02-sep-25
69644,ZTEGCE4DBCCB,S25-145,02-sep-25
69644,ZTEGCE4DBDB4,S25-145,02-sep-25
69644,ZTEGCE4DC223,S25-145,02-sep-25
69644,ZTEGCE4DC3D8,S25-145,02-sep-25
69644,ZTEGCEA05C9D,S25-145,02-sep-25
69644,ZTEGCEA05E09,S25-145,02-sep-25
69644,ZTEGCEA05ED9,S25-145,02-sep-25
69644,ZTEGCEA0611F,S25-145,02-sep-25
69644,ZTEGCEA062AD,S25-145,02-sep-25
69644,ZTEGCEA06331,S25-145,02-sep-25
69644,ZTEGCEA06A00,S25-145,02-sep-25
69644,ZTEGCEA06A7B,S25-145,02-sep-25
69644,ZTEGCEA06C77,S25-145,02-sep-25
69644,ZTEGCEA06F29,S25-145,02-sep-25
69644,ZTEGCEA06F65,S25-145,02-sep-25
69644,ZTEGCEA074B5,S25-145,02-sep-25
69644,ZTEGCEA07A9B,S25-145,02-sep-25
69644,ZTEGCEA07A9E,S25-145,02-sep-25
69644,ZTEGCEA07C10,S25-145,02-sep-25
69644,ZTEGCEDDB17B,S25-145,02-sep-25
69644,ZTEGCEDDB44D,S25-145,02-sep-25
69644,ZTEGCEDDB512,S25-145,02-sep-25
69644,ZTEGCEDDB540,S25-145,02-sep-25
69644,ZTEGCEDDC468,S25-145,02-sep-25
69644,ZTEGCEDDC845,S25-145,02-sep-25
69644,ZTEGCEDDCB4A,S25-145,02-sep-25
69644,ZTEGCEDDD26E,S25-145,02-sep-25
69644,ZTEGCEDDDAEC,S25-145,02-sep-25
69644,ZTEGCEDDDB5E,S25-145,02-sep-25
69644,ZTEGCEDDDE90,S25-145,02-sep-25
69644,ZTEGCEDDDF92,S25-145,02-sep-25
69644,ZTEGCEDDE178,S25-145,02-sep-25
69644,ZTEGCEDDE4AD,S25-145,02-sep-25
69644,ZTEGCEDDE5E7,S25-145,02-sep-25
69644,ZTEGCE4DC4DA,S25-145,02-sep-25
69644,ZTEGCE4DC55B,S25-145,02-sep-25
69644,ZTEGCE4DC95F,S25-145,02-sep-25
69644,ZTEGCE4DC9A3,S25-145,02-sep-25
69644,ZTEGCE4DC9C3,S25-145,02-sep-25
69644,ZTEGCE4DD4E2,S25-145,02-sep-25
69644,ZTEGCE4DD5B1,S25-145,02-sep-25
69644,ZTEGCE4DD63F,S25-145,02-sep-25
69644,ZTEGCE4DD670,S25-145,02-sep-25
69644,ZTEGCE4DD69F,S25-145,02-sep-25
69644,ZTEGCE4DD6B6,S25-145,02-sep-25
69644,ZTEGCE4DD6C7,S25-145,02-sep-25
69644,ZTEGCE4DD703,S25-145,02-sep-25
69644,ZTEGCE4DD712,S25-145,02-sep-25
69644,ZTEGCE4DD838,S25-145,02-sep-25
69644,ZTEGCEA0216B,S25-145,02-sep-25
69644,ZTEGCEA0239D,S25-145,02-sep-25
69644,ZTEGCEA023D4,S25-145,02-sep-25
69644,ZTEGCEA028EB,S25-145,02-sep-25
69644,ZTEGCEA02AFF,S25-145,02-sep-25
69644,ZTEGCEA02E2F,S25-145,02-sep-25
69644,ZTEGCEA0303D,S25-145,02-sep-25
69644,ZTEGCEA03119,S25-145,02-sep-25
69644,ZTEGCEA03175,S25-145,02-sep-25
69644,ZTEGCEA031DE,S25-145,02-sep-25
69644,ZTEGCEA03270,S25-145,02-sep-25
69644,ZTEGCEA03708,S25-145,02-sep-25
69644,ZTEGCEA0384B,S25-145,02-sep-25
69644,ZTEGCEA038BE,S25-145,02-sep-25
69644,ZTEGCEA04150,S25-145,02-sep-25
69644,ZTEGCEDDA005,S25-145,02-sep-25
69644,ZTEGCEDDA086,S25-145,02-sep-25
69644,ZTEGCEDDA174,S25-145,02-sep-25
69644,ZTEGCEDDA226,S25-145,02-sep-25
69644,ZTEGCEDDA30C,S25-145,02-sep-25
69644,ZTEGCEDDA340,S25-145,02-sep-25
69644,ZTEGCEDDA348,S25-145,02-sep-25
69644,ZTEGCEDDA37D,S25-145,02-sep-25
69644,ZTEGCEDDA4E2,S25-145,02-sep-25
69644,ZTEGCEDDA748,S25-145,02-sep-25
69644,ZTEGCEDDA85A,S25-145,02-sep-25
69644,ZTEGCEDDA900,S25-145,02-sep-25
69644,ZTEGCEDDAB75,S25-145,02-sep-25
69644,ZTEGCEDDAD5F,S25-145,02-sep-25
69644,ZTEGCEDDB09E,S25-145,02-sep-25
69644,ZTEGCE4F4D1C,S25-145,02-sep-25
69644,ZTEGCE4F4EE9,S25-145,02-sep-25
69644,ZTEGCE4F5060,S25-145,02-sep-25
69644,ZTEGCE4F5087,S25-145,02-sep-25
69644,ZTEGCE4F52FE,S25-145,02-sep-25
69644,ZTEGCE4F55A3,S25-145,02-sep-25
69644,ZTEGCE4F5633,S25-145,02-sep-25
69644,ZTEGCE4F566D,S25-145,02-sep-25
69644,ZTEGCE4F571C,S25-145,02-sep-25
69644,ZTEGCE4F58DE,S25-145,02-sep-25
69644,ZTEGCE4F5A08,S25-145,02-sep-25
69644,ZTEGCE4F5AFB,S25-145,02-sep-25
69644,ZTEGCE4F5E35,S25-145,02-sep-25
69644,ZTEGCE4F5EEE,S25-145,02-sep-25
69644,ZTEGCE4F5F4F,S25-145,02-sep-25
69644,ZTEGCEA04313,S25-145,02-sep-25
69644,ZTEGCEA04725,S25-145,02-sep-25
69644,ZTEGCEA0507B,S25-145,02-sep-25
69644,ZTEGCEA05369,S25-145,02-sep-25
69644,ZTEGCEA0538F,S25-145,02-sep-25
69644,ZTEGCEA05730,S25-145,02-sep-25
69644,ZTEGCEA05749,S25-145,02-sep-25
69644,ZTEGCEA05808,S25-145,02-sep-25
69644,ZTEGCEA05825,S25-145,02-sep-25
69644,ZTEGCEA058ED,S25-145,02-sep-25
69644,ZTEGCEA0591C,S25-145,02-sep-25
69644,ZTEGCEA05921,S25-145,02-sep-25
69644,ZTEGCEA0596A,S25-145,02-sep-25
69644,ZTEGCEA05987,S25-145,02-sep-25
69644,ZTEGCEA05AD3,S25-145,02-sep-25
69644,ZTEGCEDD96D8,S25-145,02-sep-25
69644,ZTEGCEDD96F8,S25-145,02-sep-25
69644,ZTEGCEDD97A3,S25-145,02-sep-25
69644,ZTEGCEDD97CF,S25-145,02-sep-25
69644,ZTEGCEDD9A98,S25-145,02-sep-25
69644,ZTEGCEDD9BF6,S25-145,02-sep-25
69644,ZTEGCEDD9C4F,S25-145,02-sep-25
69644,ZTEGCEDD9D7F,S25-145,02-sep-25
69644,ZTEGCEDD9E1E,S25-145,02-sep-25
69644,ZTEGCEDD9E98,S25-145,02-sep-25
69644,ZTEGCEDD9EE9,S25-145,02-sep-25
69644,ZTEGCEDD9EFC,S25-145,02-sep-25
69644,ZTEGCEDD9F96,S25-145,02-sep-25
69644,ZTEGCEDD9FC0,S25-145,02-sep-25
69644,ZTEGCEDDA000,S25-145,02-sep-25
69644,ZTEGCE4F5FB8,S25-145,02-sep-25
69644,ZTEGCE4F60EA,S25-145,02-sep-25
69644,ZTEGCE4F6186,S25-145,02-sep-25
69644,ZTEGCE4F63D1,S25-145,02-sep-25
69644,ZTEGCE4F64AD,S25-145,02-sep-25
69644,ZTEGCE4F6507,S25-145,02-sep-25
69644,ZTEGCE4F6624,S25-145,02-sep-25
69644,ZTEGCE4F68AA,S25-145,02-sep-25
69644,ZTEGCE4F6A17,S25-145,02-sep-25
69644,ZTEGCE4F6C42,S25-145,02-sep-25
69644,ZTEGCE4F6C78,S25-145,02-sep-25
69644,ZTEGCE4F6EE6,S25-145,02-sep-25
69644,ZTEGCE4F72D6,S25-145,02-sep-25
69644,ZTEGCE4F7349,S25-145,02-sep-25
69644,ZTEGCE4F785E,S25-145,02-sep-25
69644,ZTEGCEDD25C0,S25-145,02-sep-25
69644,ZTEGCEDD2755,S25-145,02-sep-25
69644,ZTEGCEDD2988,S25-145,02-sep-25
69644,ZTEGCEDD29D6,S25-145,02-sep-25
69644,ZTEGCEDD2B13,S25-145,02-sep-25
69644,ZTEGCEDD2B34,S25-145,02-sep-25
69644,ZTEGCEDD2B82,S25-145,02-sep-25
69644,ZTEGCEDD2CE0,S25-145,02-sep-25
69644,ZTEGCEDD2CE1,S25-145,02-sep-25
69644,ZTEGCEDD2D83,S25-145,02-sep-25
69644,ZTEGCEDD2F29,S25-145,02-sep-25
69644,ZTEGCEDD3105,S25-145,02-sep-25
69644,ZTEGCEDD31DF,S25-145,02-sep-25
69644,ZTEGCEDD31FB,S25-145,02-sep-25
69644,ZTEGCEDD3314,S25-145,02-sep-25
69644,ZTEGCEDE24FF,S25-145,02-sep-25
69644,ZTEGCEDE2544,S25-145,02-sep-25
69644,ZTEGCEDE27AC,S25-145,02-sep-25
69644,ZTEGCEDE2844,S25-145,02-sep-25
69644,ZTEGCEDE28A5,S25-145,02-sep-25
69644,ZTEGCEDE290A,S25-145,02-sep-25
69644,ZTEGCEDE2A18,S25-145,02-sep-25
69644,ZTEGCEDE2A51,S25-145,02-sep-25
69644,ZTEGCEDE2CE1,S25-145,02-sep-25
69644,ZTEGCEDE30A2,S25-145,02-sep-25
69644,ZTEGCEDE30C0,S25-145,02-sep-25
69644,ZTEGCEDE311B,S25-145,02-sep-25
69644,ZTEGCEDE3120,S25-145,02-sep-25
69644,ZTEGCEDE3131,S25-145,02-sep-25
69644,ZTEGCEDE313B,S25-145,02-sep-25
69644,ZTEGCE5C42F0,S25-145,02-sep-25
69644,ZTEGCE5C4411,S25-145,02-sep-25
69644,ZTEGCE5C477B,S25-145,02-sep-25
69644,ZTEGCE5C4806,S25-145,02-sep-25
69644,ZTEGCE5C49D4,S25-145,02-sep-25
69644,ZTEGCE5C4AB5,S25-145,02-sep-25
69644,ZTEGCE5C4BB2,S25-145,02-sep-25
69644,ZTEGCE5C4BEF,S25-145,02-sep-25
69644,ZTEGCE5C4CE1,S25-145,02-sep-25
69644,ZTEGCE5C4D46,S25-145,02-sep-25
69644,ZTEGCE5C4DC4,S25-145,02-sep-25
69644,ZTEGCE5C4E38,S25-145,02-sep-25
69644,ZTEGCE5C4F01,S25-145,02-sep-25
69644,ZTEGCE5C4F3E,S25-145,02-sep-25
69644,ZTEGCE5C4F45,S25-145,02-sep-25
69644,ZTEGCE5C6019,S25-145,02-sep-25
69644,ZTEGCE5C60A6,S25-145,02-sep-25
69644,ZTEGCE5C61D7,S25-145,02-sep-25
69644,ZTEGCE5C655A,S25-145,02-sep-25
69644,ZTEGCE5C66C5,S25-145,02-sep-25
69644,ZTEGCE5C68CD,S25-145,02-sep-25
69644,ZTEGCE5C69C1,S25-145,02-sep-25
69644,ZTEGCE5C6A94,S25-145,02-sep-25
69644,ZTEGCE5C6BC6,S25-145,02-sep-25
69644,ZTEGCE5C6C11,S25-145,02-sep-25
69644,ZTEGCE5C6C6E,S25-145,02-sep-25
69644,ZTEGCE5C6D4A,S25-145,02-sep-25
69644,ZTEGCE5C6F3E,S25-145,02-sep-25
69644,ZTEGCE5C6F57,S25-145,02-sep-25
69644,ZTEGCE5C707E,S25-145,02-sep-25
69644,ZTEGCE5C71DA,S25-145,02-sep-25
69644,ZTEGCE5C756E,S25-145,02-sep-25
69644,ZTEGCE5C757C,S25-145,02-sep-25
69644,ZTEGCE5C7596,S25-145,02-sep-25
69644,ZTEGCE5C75D0,S25-145,02-sep-25
69644,ZTEGCE5C763C,S25-145,02-sep-25
69644,ZTEGCE5C764A,S25-145,02-sep-25
69644,ZTEGCE5C76DF,S25-145,02-sep-25
69644,ZTEGCE5C7746,S25-145,02-sep-25
69644,ZTEGCE5C7751,S25-145,02-sep-25
69644,ZTEGCE5C77B5,S25-145,02-sep-25
69644,ZTEGCE5C78AD,S25-145,02-sep-25
69644,ZTEGCE5C78DB,S25-145,02-sep-25
69644,ZTEGCE5C78E3,S25-145,02-sep-25
69644,ZTEGCE5C7922,S25-145,02-sep-25
69644,ZTEGCEDE3E9C,S25-145,02-sep-25
69644,ZTEGCEDE3F10,S25-145,02-sep-25
69644,ZTEGCEDE3F4A,S25-145,02-sep-25
69644,ZTEGCEDE3F5B,S25-145,02-sep-25
69644,ZTEGCEDE3F5C,S25-145,02-sep-25
69644,ZTEGCEDE3FF5,S25-145,02-sep-25
69644,ZTEGCEDE4087,S25-145,02-sep-25
69644,ZTEGCEDE419E,S25-145,02-sep-25
69644,ZTEGCEDE4552,S25-145,02-sep-25
69644,ZTEGCEDE45EF,S25-145,02-sep-25
69644,ZTEGCEDE4602,S25-145,02-sep-25
69644,ZTEGCEDE4720,S25-145,02-sep-25
69644,ZTEGCEDE48EF,S25-145,02-sep-25
69644,ZTEGCEDE49AD,S25-145,02-sep-25
69644,ZTEGCEDE4C31,S25-145,02-sep-25
69644,ZTEGCEDE4E62,S25-145,02-sep-25
69644,ZTEGCEDE5469,S25-145,02-sep-25
