NS,FECHA
46485454BA9BFF60,12/09/2025
46485454999F5808,12/09/2025
464854549A036528,12/09/2025
464854549EC1C970,12/09/2025
46485454BA95C7A8,12/09/2025
464854549ED3A678,12/09/2025
464854549A01A6A0,12/09/2025
464854549B131D30,12/09/2025
464854549BC92CF8,12/09/2025
464854549A111170,12/09/2025
464854549A036538,12/09/2025
46485454BA9F04E8,12/09/2025
46485454BA93CE80,12/09/2025
464854549ED7BC38,12/09/2025
464854549ECE5EC0,12/09/2025
464854549D7341B8,12/09/2025
464854549BCC64E8,12/09/2025
464854549BC834B8,12/09/2025
464854549CBCBD88,12/09/2025
464854549D720E50,12/09/2025
464854549ECC74F0,12/09/2025
464854549B0C2788,12/09/2025
464854549C6C9210,12/09/2025
4648545499A2CCA8,12/09/2025
464854549CF0F388,12/09/2025
464854549EA30F40,12/09/2025
464854549C7882A0,12/09/2025
464854549D745070,12/09/2025
464854549A09F188,12/09/2025
464854549CC69280,12/09/2025
464854549CF218B8,12/09/2025
464854549CC721A8,12/09/2025
46485454BAB22620,12/09/2025
46485454BA945740,12/09/2025
464854549ECB5770,12/09/2025
46485454BAA54300,12/09/2025
464854549A190170,12/09/2025
464854549CC12ED0,12/09/2025
46485454999D8498,12/09/2025
464854549E2243C0,12/09/2025
464854549D73D370,12/09/2025
464854549EA38EA8,12/09/2025
46485454BA9A2618,12/09/2025
464854549CF2B788,12/09/2025
464854549A171C50,12/09/2025
464854549ED5E0A8,12/09/2025
464854549E1D9340,12/09/2025
464854549EA30038,12/09/2025
464854549D74F4D8,12/09/2025
464854549CC21100,12/09/2025
4648545499A1D4F0,12/09/2025
464854549EA41EA8,12/09/2025
464854549EDF3DD8,12/09/2025
46485454BA9DCEC8,12/09/2025
464854549E233DE0,12/09/2025
464854549E9FF608,12/09/2025
464854549E29E8F8,12/09/2025
4648545499C2A600,12/09/2025
464854549CBAF020,12/09/2025
46485454BAA2D0D8,12/09/2025
464854549EDF3258,12/09/2025
464854549EBEF6B8,12/09/2025
464854549CF623E8,12/09/2025
464854549EAE3090,12/09/2025
46485454BA9321D8,12/09/2025
464854549E243C00,12/09/2025
464854549EC82D78,12/09/2025
464854549EB465B0,12/09/2025
464854549CC213F8,12/09/2025
464854549E1D4210,12/09/2025
464854549D745A60,12/09/2025
464854549CF17240,12/09/2025
46485454BAB470C0,12/09/2025
464854549B0F1E50,12/09/2025
464854549ECB9ED8,12/09/2025
464854549EB37978,12/09/2025
464854549E2ED1E8,12/09/2025
46485454BA9F21E8,12/09/2025
464854549D7422C8,12/09/2025
464854549E1DAE28,12/09/2025
464854549CD77CF0,12/09/2025
46485454BAA73A58,12/09/2025
464854549EAB74D8,12/09/2025
464854549A095CF0,12/09/2025
46485454BA9BC468,12/09/2025
46485454BA96FF70,12/09/2025
464854549CE5ACE8,12/09/2025
464854549CF20A68,12/09/2025
464854549CF72BE0,12/09/2025
464854549D6760F8,12/09/2025
464854549EA2E678,12/09/2025
464854549EA15640,12/09/2025
464854549A1096C0,12/09/2025
464854549E2CF640,12/09/2025
464854549EBB8618,12/09/2025
46485454BAA63E30,12/09/2025
464854549CEF3408,12/09/2025
464854549C78F230,12/09/2025
464854549BCFF720,12/09/2025
464854549CC24FD8,12/09/2025
464854549E22E110,12/09/2025
464854549EC06E30,12/09/2025
46485454BA9F78B0,12/09/2025
464854549BD04B90,12/09/2025
464854549BCFC6C8,12/09/2025
464854549A172740,12/09/2025
46485454BAB37F78,12/09/2025
464854549EDFFF80,12/09/2025
464854549E99C718,12/09/2025
464854549CF18970,12/09/2025
464854549C686040,12/09/2025
464854549CC4F148,12/09/2025
464854549D713B00,12/09/2025
464854549E240F08,12/09/2025
464854549CC01BD0,12/09/2025
464854549A0DABD0,12/09/2025
46485454BAA326D0,12/09/2025
464854549E2C6C50,12/09/2025
464854549EB38FF0,12/09/2025
464854549CBA9E28,12/09/2025
464854549CF592D0,12/09/2025
464854549D66ECE8,12/09/2025
464854549EBCBB58,12/09/2025
464854549E9D8D68,12/09/2025
464854549D688C78,12/09/2025
464854549CD7D300,12/09/2025
464854549ED39AE0,12/09/2025
464854549D742420,12/09/2025
464854549CE3C780,12/09/2025
464854549EC05F70,12/09/2025
46485454999F0CE8,12/09/2025
464854549E2282D0,12/09/2025
464854549CC88228,12/09/2025
464854549A0EF5E0,12/09/2025
46485454BAB40718,12/09/2025
4648545499C2A2C8,12/09/2025
46485454BAA422A8,12/09/2025
464854549CBB8D30,12/09/2025
464854549CC967F8,12/09/2025
464854549EDFB2C8,12/09/2025
46485454BAB3D260,12/09/2025
46485454BAA73488,12/09/2025
46485454BAA30170,12/09/2025
464854549E9A8758,12/09/2025
464854549D758320,12/09/2025
464854549D689FD8,12/09/2025
46485454BA9E81B8,12/09/2025
464854549EB03128,12/09/2025
46485454BAAEDEF8,12/09/2025
464854549BCC5CE0,12/09/2025
46485454BA977FB8,12/09/2025
464854549E27A570,12/09/2025
46485454BAAE1C70,12/09/2025
464854549E9C71B0,12/09/2025
46485454BA9788F8,12/09/2025
46485454BAB44A90,12/09/2025
464854549ECECE48,12/09/2025
464854549CC63A60,12/09/2025
464854549B0E13E8,12/09/2025
464854549E2CF9D0,12/09/2025
464854549EAD0820,12/09/2025
464854549CF3AAF8,12/09/2025
464854549E272BE0,12/09/2025
464854549CC7A658,12/09/2025
464854549D7595A8,12/09/2025
464854549E9D5F48,12/09/2025
464854549ED72CB8,12/09/2025
46485454BAB3D808,12/09/2025
464854549CC922C8,12/09/2025
464854549D742320,12/09/2025
464854549A17DEA8,12/09/2025
46485454BAAFA1A8,12/09/2025
464854549CC119A0,12/09/2025
464854549CF2AFB8,12/09/2025
464854549BCB62E0,12/09/2025
464854549EDF85B8,12/09/2025
464854549EA710F0,12/09/2025
464854549B14C8B8,12/09/2025
464854549EA44ED8,12/09/2025
464854549A1056A8,12/09/2025
464854549A054660,12/09/2025
464854549EBA59E0,12/09/2025
464854549D736010,12/09/2025
464854549BCAA3A8,12/09/2025
464854549E2231C0,12/09/2025
464854549EA0E010,12/09/2025
46485454BA948CA8,12/09/2025
464854549C5A9830,12/09/2025
464854549D713A20,12/09/2025
464854549A0EB860,12/09/2025
464854549ED46F20,12/09/2025
46485454BA9D6DB8,12/09/2025
464854549CE51100,12/09/2025
4648545499A012E0,12/09/2025
464854549A05D3E8,12/09/2025
46485454BA99A390,12/09/2025
464854549E1EC280,12/09/2025
464854549E2C82E0,12/09/2025
464854549EBF9E40,12/09/2025
464854549A058F48,12/09/2025
464854549D71BCF0,12/09/2025
464854549D7239A8,12/09/2025
464854549EA2B380,12/09/2025
464854549C77DD98,12/09/2025
464854549B0F06F8,12/09/2025
464854549E22C0C0,12/09/2025
464854549E2213F0,12/09/2025
464854549D79CB20,12/09/2025
464854549CF07580,12/09/2025
464854549A087828,12/09/2025
464854549A032698,12/09/2025
464854549A08AB78,12/09/2025
46485454BAA631D0,12/09/2025
464854549CC2B790,12/09/2025
464854549CDA0090,12/09/2025
464854549EBA83B0,12/09/2025
4648545499C332F8,12/09/2025
464854549D799DE8,12/09/2025
46485454BA9574A0,12/09/2025
464854549BCEFE80,12/09/2025
464854549D713F20,12/09/2025
464854549E9E7F90,12/09/2025
46485454BA9FB7A8,12/09/2025
464854549D726170,12/09/2025
464854549CC54D10,12/09/2025
46485454BA9350B0,12/09/2025
464854549BCEAFC8,12/09/2025
464854549D67C1A8,12/09/2025
464854549EB3FA28,12/09/2025
464854549CBB4B50,12/09/2025
464854549ED58230,12/09/2025
464854549D687D78,12/09/2025
46485454BA9577F0,12/09/2025
464854549B0C7D10,12/09/2025
464854549CE33920,12/09/2025
46485454BAAB62E0,12/09/2025
464854549EB98950,12/09/2025
464854549EA6C740,12/09/2025
464854549EA3E830,12/09/2025
464854549E1DBD60,12/09/2025
464854549D72D3E8,12/09/2025
464854549A0F67F8,12/09/2025
464854549BC86518,12/09/2025
464854549EA13D68,12/09/2025
4648545499A00E10,12/09/2025
464854549D71E738,12/09/2025
464854549E997EF0,12/09/2025
464854549A063340,12/09/2025
464854549D713F08,12/09/2025
464854549CD80780,12/09/2025
464854549EAF4700,12/09/2025
464854549EADB0A8,12/09/2025
464854549A2D7530,12/09/2025
464854549E259228,12/09/2025
464854549A2D8960,12/09/2025
464854549A0EB620,12/09/2025
4648545499C2F998,12/09/2025
464854549EB3A498,12/09/2025
46485454BA957D38,12/09/2025
464854549CDAD730,12/09/2025
464854549CD7E3D0,12/09/2025
464854549E1E6A28,12/09/2025
464854549E1D97D8,12/09/2025
464854549C77ECB8,12/09/2025
464854549CC4D590,12/09/2025
464854549D792D80,12/09/2025
464854549D723460,12/09/2025
464854549EA38310,12/09/2025
46485454BA9D5600,12/09/2025
46485454BA9D4838,12/09/2025
464854549EBD2110,12/09/2025
464854549E1BFC18,12/09/2025
464854549A2D7458,12/09/2025
46485454BAA5F698,12/09/2025
464854549E1D0AA8,12/09/2025
464854549EBD95C8,12/09/2025
464854549EBBADD0,12/09/2025
464854549C791AF0,12/09/2025
464854549CF60258,12/09/2025
464854549D790BD0,12/09/2025
464854549E213250,12/09/2025
46485454BAB2C0A8,12/09/2025
464854549A171CD0,12/09/2025
464854549CBFFBF8,12/09/2025
46485454999F3920,12/09/2025
464854549CC92240,12/09/2025
464854549D674AE0,12/09/2025
464854549E1FC728,12/09/2025
464854549CEFE0E8,12/09/2025
464854549BCE2C90,12/09/2025
464854549E2EE1B8,12/09/2025
464854549EA84C00,12/09/2025
464854549A05F4D0,12/09/2025
46485454BAA4C688,12/09/2025
464854549E1DBBF8,12/09/2025
464854549CC43370,12/09/2025
464854549B15A338,12/09/2025
464854549CE3D630,12/09/2025
464854549CD76298,12/09/2025
464854549EB12E10,12/09/2025
464854549CF688D0,12/09/2025
464854549D66F4E8,12/09/2025
464854549CE28230,12/09/2025
464854549ED687F0,12/09/2025
464854549A10D978,12/09/2025
464854549CDAD538,12/09/2025
464854549ED6C7D0,12/09/2025
464854549A16A448,12/09/2025
464854549EDF1548,12/09/2025
464854549E2968F8,12/09/2025
464854549E2411B8,12/09/2025
464854549C776660,12/09/2025
46485454BA9C0750,12/09/2025
464854549CC7E728,12/09/2025
46485454BAAB21E8,12/09/2025
464854549E9B23D0,12/09/2025
46485454BA955108,12/09/2025
46485454BA9F7F90,12/09/2025
464854549E9B2370,12/09/2025
464854549ED77818,12/09/2025
464854549EB861F8,12/09/2025
464854549E9AA4A0,12/09/2025
46485454BA986540,12/09/2025
464854549A0F0BD0,12/09/2025
464854549E998900,12/09/2025
46485454BAA1F728,12/09/2025
46485454BAAC4E20,12/09/2025
46485454BAA70428,12/09/2025
464854549CF1D578,12/09/2025
464854549E2D7A08,12/09/2025
46485454BAB43730,12/09/2025
464854549B0B7B90,12/09/2025
464854549E2BEB40,12/09/2025
464854549BE61ED0,12/09/2025
464854549EA993A0,12/09/2025
464854549CC0DEC0,12/09/2025
464854549D747998,12/09/2025
464854549C5ACE98,12/09/2025
46485454BA9F33C0,12/09/2025
464854549A02C328,12/09/2025
464854549BCBBF80,12/09/2025
464854549A167A98,12/09/2025
46485454999FFCD0,12/09/2025
464854549EA31AA0,12/09/2025
464854549BD115A8,12/09/2025
464854549E219150,12/09/2025
46485454BAAD1878,12/09/2025
464854549E2BE540,12/09/2025
464854549D713920,12/09/2025
4648545499A05210,12/09/2025
464854549EC87CE0,12/09/2025
464854549A0243E0,12/09/2025
46485454BAA77E48,12/09/2025
464854549EB90000,12/09/2025
464854549EC81A80,12/09/2025
464854549C6A9C68,12/09/2025
464854549EB39D00,12/09/2025
46485454BAAA7250,12/09/2025
464854549EB36F10,12/09/2025
464854549A13B050,12/09/2025
464854549EB431B0,12/09/2025
464854549EA84990,12/09/2025
46485454BA9E5B10,12/09/2025
464854549ECBAF30,12/09/2025
464854549BE6E618,12/09/2025
464854549CBD4088,12/09/2025
464854549BCCA6E0,12/09/2025
46485454BAB17060,12/09/2025
464854549CC0FBD8,12/09/2025
464854549A0C7958,12/09/2025
46485454BAAA5EC8,12/09/2025
46485454BAA52760,12/09/2025
464854549EBB9188,12/09/2025
464854549C776498,12/09/2025
464854549E2D1D20,12/09/2025
464854549CC04CA0,12/09/2025
464854549CE524C8,12/09/2025
4648545499A07540,12/09/2025
464854549B12A640,12/09/2025
464854549E24CCA0,12/09/2025
464854549CC7B6D0,12/09/2025
464854549CBD53E0,12/09/2025
464854549BC9E800,12/09/2025
46485454999E61A8,12/09/2025
464854549A169B30,12/09/2025
464854549CEDF508,12/09/2025
464854549BCB6AB8,12/09/2025
464854549EAA2200,12/09/2025
464854549CD9B1D8,12/09/2025
464854549CD7F1A8,12/09/2025
464854549EAF0B70,12/09/2025
46485454BA952420,12/09/2025
464854549ECBCBB0,12/09/2025
464854549EB107D0,12/09/2025
464854549E9ACF28,12/09/2025
464854549EBE69E0,12/09/2025
464854549CF3CE50,12/09/2025
46485454BA9C11E0,12/09/2025
464854549D73A6B8,12/09/2025
464854549EBA67E8,12/09/2025
464854549CBB8AB0,12/09/2025
46485454999D8380,12/09/2025
464854549BD17F28,12/09/2025
464854549A065BF8,12/09/2025
464854549E21FC68,12/09/2025
464854549EE08490,12/09/2025
464854549EAA3230,12/09/2025
464854549CD6C2B8,12/09/2025
464854549B152BB0,12/09/2025
464854549A199288,12/09/2025
464854549E258820,12/09/2025
464854549CC05B00,12/09/2025
464854549BCCFBA8,12/09/2025
464854549CE58B18,12/09/2025
464854549C77D940,12/09/2025
464854549EC27AD8,12/09/2025
46485454999EB4A8,12/09/2025
46485454BA9B0FC0,12/09/2025
464854549A136E78,12/09/2025
464854549BCAE6D0,12/09/2025
464854549CBB1808,12/09/2025
464854549A03A898,12/09/2025
4648545499A182A8,12/09/2025
464854549EC16758,12/09/2025
464854549D746FA8,12/09/2025
464854549ECD51C8,12/09/2025
464854549B0D7B00,12/09/2025
464854549EAE0750,12/09/2025
464854549CF24A48,12/09/2025
464854549E9E8810,12/09/2025
464854549EBF99D0,12/09/2025
464854549E29CFD0,12/09/2025
46485454BAA885E8,12/09/2025
46485454BAB00AA8,12/09/2025
464854549CE2EB20,12/09/2025
464854549EA40C18,12/09/2025
46485454BAAB6060,12/09/2025
46485454BAA4F1B8,12/09/2025
464854549ECE28C0,12/09/2025
464854549EC0C740,12/09/2025
464854549B0D7330,12/09/2025
46485454BAA3AEB0,12/09/2025
464854549C5B9F78,12/09/2025
464854549CEF3D68,12/09/2025
464854549EA1A3B0,12/09/2025
464854549EA71838,12/09/2025
464854549E9BE420,12/09/2025
464854549E299F78,12/09/2025
464854549ECFE140,12/09/2025
464854549C6B2E10,12/09/2025
464854549ED54A48,12/09/2025
46485454BAAC0F38,12/09/2025
464854549E1E89F0,12/09/2025
4648545499A30880,12/09/2025
464854549A118E08,12/09/2025
46485454BAB36E80,12/09/2025
46485454BA9F7048,12/09/2025
464854549E1D62D0,12/09/2025
46485454BAA9E8C8,12/09/2025
464854549ED34A98,12/09/2025
464854549A08C030,12/09/2025
464854549A0E7C38,12/09/2025
464854549EA42748,12/09/2025
464854549CF5A8E8,12/09/2025
46485454BAAF99A8,12/09/2025
464854549E99D948,12/09/2025
46485454BAA715D0,12/09/2025
464854549ECCC6B0,12/09/2025
464854549CBA8B78,12/09/2025
46485454BA99FD78,12/09/2025
464854549E1F0F28,12/09/2025
464854549CE50398,12/09/2025
46485454BAB427E8,12/09/2025
464854549CF693B8,12/09/2025
464854549EAA4EB8,12/09/2025
464854549ED48FA0,12/09/2025
46485454BAAF6378,12/09/2025
46485454BA996800,12/09/2025
464854549CE5FCA0,12/09/2025
464854549EAD2790,12/09/2025
46485454BAB3CF38,12/09/2025
464854549BCE7168,12/09/2025
464854549ECEC558,12/09/2025
46485454BAB25D60,12/09/2025
464854549CC68FF8,12/09/2025
464854549BCA1E18,12/09/2025
464854549A0478B8,12/09/2025
464854549EA72C80,12/09/2025
46485454BA956548,12/09/2025
464854549A032DC0,12/09/2025
464854549C69BBC8,12/09/2025
464854549EAC98D0,12/09/2025
464854549E2B5598,12/09/2025
464854549BE78230,12/09/2025
464854549BCBDDE8,12/09/2025
464854549BCEBA10,12/09/2025
464854549CBA9400,12/09/2025
464854549EBD23C0,12/09/2025
464854549EC02D88,12/09/2025
464854549EC9D890,12/09/2025
464854549ECD4150,12/09/2025
464854549ED20D68,12/09/2025
464854549EE0FDB8,12/09/2025
4648545499A0FB90,12/09/2025
464854549B13CE38,12/09/2025
46485454BAAB7940,12/09/2025
46485454BA97D168,12/09/2025
464854549BCCF228,12/09/2025
464854549E9E2F28,12/09/2025
464854549CBBC530,12/09/2025
464854549D73EC48,12/09/2025
46485454BA9DFDF0,12/09/2025
46485454BAAE1DE0,12/09/2025
464854549A089F58,12/09/2025
464854549C5B4FA0,12/09/2025
464854549ECC3F98,12/09/2025
464854549D690860,12/09/2025
464854549EAA84C0,12/09/2025
464854549CC84500,12/09/2025
464854549D799D58,12/09/2025
464854549CC12128,12/09/2025
464854549E9D9BB8,12/09/2025
464854549BC89B00,12/09/2025
464854549C695C18,12/09/2025
464854549BCAC330,12/09/2025
464854549EA300D0,12/09/2025
464854549CE63FF8,12/09/2025
464854549C77F8B8,12/09/2025
464854549B142F38,12/09/2025
464854549EBB8200,12/09/2025
46485454BAA37DB8,12/09/2025
464854549A125840,12/09/2025
46485454BA9897F8,12/09/2025
464854549E1ED880,12/09/2025
464854549EA40148,12/09/2025
464854549A087060,12/09/2025
464854549CF17CB0,12/09/2025
464854549A10F158,12/09/2025
464854549EA13958,12/09/2025
464854549E27D060,12/09/2025
464854549BE4EBF8,12/09/2025
464854549A08A7F0,12/09/2025
464854549A165720,12/09/2025
464854549EAB0F28,12/09/2025
464854549EB06670,12/09/2025
464854549E29D530,12/09/2025
464854549A023478,12/09/2025
46485454BA94D4B0,12/09/2025
464854549EB85D90,12/09/2025
4648545498A3AB40,12/09/2025
464854549ED17AC0,12/09/2025
464854549EB355D8,12/09/2025
464854549EA23C00,12/09/2025
464854549CEE4198,12/09/2025
464854549A122B18,12/09/2025
464854549BCB4890,12/09/2025
46485454999EB468,12/09/2025
464854549CC71B78,12/09/2025
464854549EA6BC28,12/09/2025
464854549E2184F0,12/09/2025
464854549E9C7000,12/09/2025
464854549CDA8D80,12/09/2025
464854549A0092A8,12/09/2025
464854549CE6AE90,12/09/2025
464854549CC77258,12/09/2025
464854549E27A9F0,12/09/2025
464854549A08AC60,12/09/2025
46485454BAA73F58,12/09/2025
46485454BAACF6B0,12/09/2025
464854549C68AD88,12/09/2025
464854549A0437F8,12/09/2025
464854549CC31538,12/09/2025
464854549EAE61D8,12/09/2025
464854549A0266E0,12/09/2025
464854549e1f78b8,12/09/2025
464854549B14B830,12/09/2025
464854549EC0D3F8,12/09/2025
464854549E2936A0,12/09/2025
464854549C7933B8,12/09/2025
464854549A118E60,12/09/2025
464854549BE78C38,12/09/2025
464854549eb374c0,12/09/2025
464854549C7743A8,12/09/2025
464854549EBF54A0,12/09/2025
464854549B13E828,12/09/2025
464854549C6CB9E0,12/09/2025
464854549E2F0BA0,12/09/2025
464854549A118200,12/09/2025
4648545499C32ED0,12/09/2025
464854549A17F6F8,12/09/2025
464854549BE623C0,12/09/2025
464854549CE66268,12/09/2025
464854549BE4C6E0,12/09/2025
46485454BAAC3108,12/09/2025
464854549E273340,12/09/2025
46485454BAA73B48,12/09/2025
464854549EDF8E88,12/09/2025
46485454BAA1C818,12/09/2025
464854549C68AAB8,12/09/2025
464854549EC00848,12/09/2025
464854549C6A9120,12/09/2025
464854549CF0E378,12/09/2025
464854549CC6E648,12/09/2025
46485454BAB244D0,12/09/2025
464854549EB7CC78,12/09/2025
464854549E1DC490,12/09/2025
464854549E2AC320,12/09/2025
464854549C5C2458,12/09/2025
464854549A0DA328,12/09/2025
464854549E9D9280,12/09/2025
464854549EB7E190,12/09/2025
464854549CC32848,12/09/2025
4648545499C1DE80,12/09/2025
464854549D73B440,12/09/2025
464854549ECC3C20,12/09/2025
464854549CC13770,12/09/2025
464854549CBACC60,12/09/2025
464854549A2D9A20,12/09/2025
464854549D670808,12/09/2025
46485454BAA01228,12/09/2025
464854549CF3D818,12/09/2025
464854549CE2CD08,12/09/2025
464854549BE62198,12/09/2025
46485454BA99FE78,12/09/2025
464854549EC365B8,12/09/2025
464854549EA8C4A0,12/09/2025
464854549CC12DF0,12/09/2025
464854549C5A7B28,12/09/2025
464854549D76F3B8,12/09/2025
464854549CEF55F8,12/09/2025
464854549A0D5CE0,12/09/2025
464854549EA58908,12/09/2025
464854549E99ED50,12/09/2025
464854549BE5F7E0,12/09/2025
464854549A00FFF0,12/09/2025
46485454BA9BF390,12/09/2025
464854549E9F9070,12/09/2025
464854549EA310C8,12/09/2025
464854549EAF4FC8,12/09/2025
464854549CD605E0,12/09/2025
464854549D7108C0,12/09/2025
464854549C6FD0F0,12/09/2025
464854549E1CA888,12/09/2025
464854549D74D2A0,12/09/2025
464854549A048B78,12/09/2025
464854549ED1F4A8,12/09/2025
46485454BA92C640,12/09/2025
464854549A085180,12/09/2025
464854549EA6AF10,12/09/2025
464854549EDFD888,12/09/2025
464854549CE0BD10,12/09/2025
464854549A07D068,12/09/2025
464854549E9C6EA8,12/09/2025
464854549B0D0A18,12/09/2025
464854549E2A6E18,12/09/2025
464854549D67A6A0,12/09/2025
464854549CEEFD68,12/09/2025
464854549EA6A970,12/09/2025
46485454BA943B50,12/09/2025
46485454BA93A630,12/09/2025
464854549E247EA8,12/09/2025
464854549CC20480,12/09/2025
464854549EB4FAB0,12/09/2025
464854549E1D1158,12/09/2025
464854549EC87A20,12/09/2025
464854549A074718,12/09/2025
464854549A1217F8,12/09/2025
464854549E9BDB28,12/09/2025
464854549A08E7C8,12/09/2025
464854549D7258D8,12/09/2025
464854549BCC5698,12/09/2025
464854549EB9FC60,12/09/2025
464854549CC29508,12/09/2025
464854549EC2AC18,12/09/2025
464854549E1C54D8,12/09/2025
464854549D793458,12/09/2025
464854549A06E180,12/09/2025
464854549EDFE7B8,12/09/2025
464854549CC26FB0,12/09/2025
464854549EB01CF0,12/09/2025
464854549E1C87C8,12/09/2025
464854549CF6D560,12/09/2025
464854549A126BE0,12/09/2025
464854549A172420,12/09/2025
464854549D6912B8,12/09/2025
464854549A2D6EA8,12/09/2025
464854549CE1EB90,12/09/2025
464854549A07F2B0,12/09/2025
464854549BD07368,12/09/2025
464854549BCF4930,12/09/2025
464854549EC06868,12/09/2025
464854549ED46B60,12/09/2025
464854549ECB3490,12/09/2025
464854549ED50508,12/09/2025
464854549EB0AB30,12/09/2025
464854549EBA99B0,12/09/2025
464854549EC8A310,12/09/2025
464854549C788998,12/09/2025
464854549EAEF850,12/09/2025
464854549A0EDCE0,12/09/2025
464854549C59C2D8,12/09/2025
464854549ECE9DC8,12/09/2025
46485454BA98A790,12/09/2025
464854549E99EAC8,12/09/2025
46485454BAA7E6D8,12/09/2025
464854549EB393A0,12/09/2025
464854549ED49FD0,12/09/2025
464854549E9B0C98,12/09/2025
464854549CBC0570,12/09/2025
4648545499A04270,12/09/2025
464854549EB18358,12/09/2025
464854549D71C228,12/09/2025
464854549ED1F470,12/09/2025
464854549CC85440,12/09/2025
46485454999E1140,12/09/2025
464854549EA6CB38,12/09/2025
464854549E265C00,12/09/2025
46485454BAB00AE0,12/09/2025
464854549EBE76D0,12/09/2025
464854549EAB9FF8,12/09/2025
464854549E9DA470,12/09/2025
464854549B0EF478,12/09/2025
46485454BA9E0270,12/09/2025
464854549CBB1B98,12/09/2025
464854549ED31C08,12/09/2025
464854549C788C30,12/09/2025
464854549A006308,12/09/2025
464854549EB498D8,12/09/2025
464854549E255E88,12/09/2025
464854549C77ED48,12/09/2025
46485454999FB248,12/09/2025
464854549CE2F6E0,12/09/2025
464854549A0ED1B8,12/09/2025
46485454BAAB3DC0,12/09/2025
464854549BCE5C20,12/09/2025
464854549A022F70,12/09/2025
464854549ED46AB0,12/09/2025
464854549C67E668,12/09/2025
464854549CD9B978,12/09/2025
464854549D681D70,12/09/2025
464854549CC8BDC8,12/09/2025
464854549CF082B8,12/09/2025
46485454BAA3AE38,12/09/2025
46485454BAA4E998,12/09/2025
464854549CDA61A8,12/09/2025
464854549E999C80,12/09/2025
464854549E9D17A0,12/09/2025
464854549E9D7678,12/09/2025
464854549E9D6038,12/09/2025
464854549A0EAB48,12/09/2025
464854549E1CA2C8,12/09/2025
464854549EC1A2A8,12/09/2025
464854549CC6E4B0,12/09/2025
46485454999F69D0,12/09/2025
46485454BA94D188,12/09/2025
464854549EB46738,12/09/2025
464854549EA00240,12/09/2025
464854549ED56BE8,12/09/2025
464854549A117F50,12/09/2025
464854549D739928,12/09/2025
4648545499A19CF0,12/09/2025
46485454BAAC6DF0,12/09/2025
464854549B134720,12/09/2025
464854549B12C788,12/09/2025
464854549BE68B80,12/09/2025
464854549D769268,12/09/2025
464854549A1721F8,12/09/2025
464854549CE41B78,12/09/2025
46485454BAA12160,12/09/2025
464854549CE1F0F0,12/09/2025
464854549EBBC420,12/09/2025
464854549C6C8738,12/09/2025
464854549E220190,12/09/2025
46485454BA92CF20,12/09/2025
464854549EAEDAA8,12/09/2025
464854549A2D8E60,12/09/2025
464854549C797998,12/09/2025
464854549EBC1458,12/09/2025
464854549EBEE2D0,12/09/2025
464854549CC8DC68,12/09/2025
464854549ED39C88,12/09/2025
464854549ED67620,12/09/2025
46485454BAA594B8,12/09/2025
464854549B0C1CE0,12/09/2025
464854549D725940,12/09/2025
464854549BC75360,12/09/2025
464854549E9D4610,12/09/2025
464854549C6C0E48,12/09/2025
464854549A177B08,12/09/2025
464854549E28F178,12/09/2025
46485454BAAD6AA0,12/09/2025
46485454BA92F6D0,12/09/2025
464854549CF34BF8,12/09/2025
464854549A108408,12/09/2025
464854549BCC7068,12/09/2025
464854549EBBDBE8,12/09/2025
464854549E9EDF58,12/09/2025
464854549EACDBE0,12/09/2025
4648545499A0D078,12/09/2025
464854549CF41368,12/09/2025
46485454BA969920,12/09/2025
464854549CBB2C00,12/09/2025
464854549CE67238,12/09/2025
46485454BA951308,12/09/2025
464854549EB12DC8,12/09/2025
464854549EA3CA98,12/09/2025
464854549A0A0768,12/09/2025
464854549ECB4AE8,12/09/2025
4648545499C2A910,12/09/2025
464854549E99D030,12/09/2025
464854549EB43340,12/09/2025
464854549CC24908,12/09/2025
46485454BA968778,12/09/2025
464854549E1DA820,12/09/2025
464854549B12A370,12/09/2025
46485454BAA50A80,12/09/2025
464854549E2BE510,12/09/2025
464854549ED66BC0,12/09/2025
46485454BA935228,12/09/2025
464854549CC3AF30,12/09/2025
464854549CEE0318,12/09/2025
464854549E1F9B88,12/09/2025
464854549B0EC8F0,12/09/2025
464854549EA53D50,12/09/2025
464854549ED6C160,12/09/2025
464854549CD84078,12/09/2025
464854549BCF8060,12/09/2025
4648545499C37420,12/09/2025
4648545499A115F0,12/09/2025
4648545499C352C8,12/09/2025
464854549C738350,12/09/2025
464854549D7500F0,12/09/2025
464854549ECC4CF8,12/09/2025
464854549CC124E0,12/09/2025
464854549ED0B208,12/09/2025
464854549EA84208,12/09/2025
464854549A199500,12/09/2025
464854549ECE7DF0,12/09/2025
464854549CC4D790,12/09/2025
464854549EA28168,12/09/2025
464854549CF2E4A0,12/09/2025
464854549CC67158,12/09/2025
464854549CF703F8,12/09/2025
464854549E2C6948,12/09/2025
464854549A10F878,12/09/2025
46485454BAA6A9C8,12/09/2025
464854549BE50F68,12/09/2025
464854549BE81BB8,12/09/2025
464854549A0B37B0,12/09/2025
464854549ED84188,12/09/2025
464854549EDFEEF0,12/09/2025
464854549A193CA0,12/09/2025
464854549CF72588,12/09/2025
464854549C69BA98,12/09/2025
464854549ED3DDE0,12/09/2025
464854549cc0d0b0,12/09/2025
46485454BAAF5BD0,12/09/2025
464854549ed7c120,12/09/2025
464854549EA56600,12/09/2025
4648545499C3A720,12/09/2025
464854549CE11178,12/09/2025
464854549B153368,12/09/2025
4648545499c2b7c0,12/09/2025
464854549A1107B8,12/09/2025
4648545499A28900,12/09/2025
464854549CF49D88,12/09/2025
464854549ED3BBB0,12/09/2025
464854549A0C7568,12/09/2025
464854549E227C28,12/09/2025
464854549B0C6DB8,12/09/2025
464854549cd961c0,12/09/2025
464854549ED40610,12/09/2025
464854549cbab0c8,12/09/2025
464854549CE31DD8,12/09/2025
464854549A0E5A18,12/09/2025
464854549E29E290,12/09/2025
4648545499C2FBF0,12/09/2025
464854549A06F3F0,12/09/2025
464854549A190B50,12/09/2025
464854549CE08FD8,12/09/2025
464854549CD7FA20,12/09/2025
464854549A08ECF8,12/09/2025
46485454999EC4C0,12/09/2025
464854549A0220A0,12/09/2025
464854549EA28058,12/09/2025
464854549CC62680,12/09/2025
46485454BA961288,12/09/2025
464854549D731E20,12/09/2025
464854549BE4A8C8,12/09/2025
464854549CE09108,12/09/2025
464854549A1898A8,12/09/2025
464854549D72B028,12/09/2025
464854549E9AB5E0,12/09/2025
464854549A005F30,12/09/2025
46485454BAA6F828,12/09/2025
464854549BE70B40,12/09/2025
464854549EC89FF0,12/09/2025
4648545499C2A2C0,12/09/2025
464854549D7AF800,12/09/2025
464854549E1D9538,12/09/2025
464854549CE30CF8,12/09/2025
464854549CE5A2D0,12/09/2025
464854549EC11FB0,12/09/2025
464854549CC717B8,12/09/2025
464854549D6730E0,12/09/2025
464854549BE56798,12/09/2025
464854549C5A9EF8,12/09/2025
464854549B144F28,12/09/2025
464854549CF0BCD0,12/09/2025
464854549CEE6440,12/09/2025
464854549A05D918,12/09/2025
4648545499A0BE80,12/09/2025
464854549EB12358,12/09/2025
464854549A0B0F90,12/09/2025
46485454999E63C8,12/09/2025
464854549A1857F8,12/09/2025
464854549ED72E10,12/09/2025
464854549ECB5E60,12/09/2025
464854549A188B40,12/09/2025
464854549CF30128,12/09/2025
464854549E1D8490,12/09/2025
464854549CBC1A60,12/09/2025
464854549A0894A8,12/09/2025
464854549BD17E58,12/09/2025
464854549BCB1C18,12/09/2025
464854549A00C0B8,12/09/2025
464854549A16A5C8,12/09/2025
464854549CEF1790,12/09/2025
464854549EB39048,12/09/2025
464854549C6C8468,12/09/2025
464854549B139980,12/09/2025
464854549A061FE0,12/09/2025
464854549A12B1A0,12/09/2025
464854549A04FEC0,12/09/2025
46485454BA9E8EC0,12/09/2025
464854549CD62E50,12/09/2025
464854549A0774C0,12/09/2025
464854549CF1F510,12/09/2025
464854549A078C38,12/09/2025
464854549A094AC0,12/09/2025
464854549CC69330,12/09/2025
4648545499C266C8,12/09/2025
4648545498A3BD28,12/09/2025
464854549BE6B740,12/09/2025
464854549E2EBBF0,12/09/2025
464854549CC359E8,12/09/2025
464854549CEF2EB0,12/09/2025
464854549E1D9978,12/09/2025
464854549CF10528,12/09/2025
464854549CF0E070,12/09/2025
464854549B0F11E8,12/09/2025
46485454BAAB82A8,12/09/2025
4648545499C1CDE0,12/09/2025
4648545499C28468,12/09/2025
