48575443C54C86A3,15/09/2025
485754431D093AA5,15/09/2025
48575443742E219F,15/09/2025
485754431608A1A1,15/09/2025
485754431758A3A1,15/09/2025
48575443B8E60BA0,15/09/2025
485754435B73329F,15/09/2025
485754435BE3279F,15/09/2025
4857544318497BA1,15/09/2025
48575443B3A8BEA2,15/09/2025
48575443C58415A3,15/09/2025
48575443603D11A5,15/09/2025
48575443C55D81A3,15/09/2025
4857544360082CA5,15/09/2025
48575443DD03019F,15/09/2025
48575443475835A7,15/09/2025
485754436A0516A5,15/09/2025
485754435618A4A7,15/09/2025
485754431D46A3A5,15/09/2025
48575443A8CDAFA8,15/09/2025
485754431CCC91A5,15/09/2025
48575443D7E8A29F,15/09/2025
4857544355A0A0A7,15/09/2025
485754439DA11DA5,15/09/2025
48575443A64321A8,15/09/2025
48575443A05EB1A3,15/09/2025
485754431BCAFEA2,15/09/2025
4857544310B6B7A8,15/09/2025
48575443F26EA5A4,15/09/2025
48575443CA9988A8,15/09/2025
485754437AC4E5A4,15/09/2025
48575443A56D05A8,15/09/2025
4857544315E179A1,15/09/2025
4857544393F13DA5,15/09/2025
485754430A20CF9F,15/09/2025
48575443B39D9BA2,15/09/2025
485754431D3476A5,15/09/2025
48575443476043A7,15/09/2025
485754439C849FA0,15/09/2025
48575443804A12A5,15/09/2025
48575443839000A5,15/09/2025
4857544369F6E5A5,15/09/2025
485754431C59BAA3,15/09/2025
4857544345FB7CA7,15/09/2025
48575443804BC1A5,15/09/2025
48575443B38B0F9E,15/09/2025
4857544374238C9F,15/09/2025
485754437CCD649E,15/09/2025
48575443E1251B9E,15/09/2025
48575443B9CAD9A3,15/09/2025
48575443B5B30DA3,15/09/2025
48575443A603D8A8,15/09/2025
48575443DB48559E,15/09/2025
485754431595799F,15/09/2025
485754437F0506A5,15/09/2025
48575443BAEB45A3,15/09/2025
485754435CF017A5,15/09/2025
485754430D50C6A2,15/09/2025
4857544310AEDFA8,15/09/2025
48575443833F59A5,15/09/2025
485754438227D5A5,15/09/2025
485754430A9E1EA3,15/09/2025
485754430F5A939F,15/09/2025
48575443745CA89F,15/09/2025
485754432BDD43A0,15/09/2025
48575443798900A5,15/09/2025
48575443EC7BBAA4,15/09/2025
48575443EC3E2CA6,15/09/2025
4857544379A2BAA4,15/09/2025
48575443F01986A6,15/09/2025
485754439D585F9E,15/09/2025
48575443DB46F59E,15/09/2025
48575443DC6C769F,15/09/2025
48575443D571FBA3,15/09/2025
4857544382EC239F,15/09/2025
48575443663731A6,15/09/2025
48575443C8D222A8,15/09/2025
4857544397E0A7A4,15/09/2025
48575443160544A1,15/09/2025
485754432193C39F,15/09/2025
4857544308BABF9F,15/09/2025
485754437A857E9F,15/09/2025
48575443DBBE3DA2,15/09/2025
485754430D4309A2,15/09/2025
485754432FE75FA0,15/09/2025
48575443DFBB2D9F,15/09/2025
48575443218F7D9F,15/09/2025
48575443B4B876A2,15/09/2025
48575443699F86A5,15/09/2025
48575443DCD91F9F,15/09/2025
485754439DBA19A5,15/09/2025
485754435E43699F,15/09/2025
485754431EA870A6,15/09/2025
48575443DFA21A9E,15/09/2025
485754432101E8A5,15/09/2025
485754430D6175A2,15/09/2025
48575443895305A3,15/09/2025
48575443989783A8,15/09/2025
48575443F56625A7,15/09/2025
485754431F743AA7,15/09/2025
48575443987E00A8,15/09/2025
48575443DFAF8F9E,15/09/2025
485754433618A7A6,15/09/2025
48575443DF866A9F,15/09/2025
48575443BB8AB4A3,15/09/2025
48575443E84CF7A7,15/09/2025
48575443BABE2AA3,15/09/2025
48575443475C72A7,15/09/2025
48575443177CBAA1,15/09/2025
48575443E2A654A3,15/09/2025
48575443CF15FFA5,15/09/2025
485754438D32349F,15/09/2025
48575443468AECA5,15/09/2025
48575443279D53A3,15/09/2025
485754436B1BEDA5,15/09/2025
48575443EA26CEA3,15/09/2025
48575443E1225C9E,15/09/2025
485754430D6069A2,15/09/2025
48575443A8CEACA8,15/09/2025
48575443E29691A3,15/09/2025
48575443DFCB1F9F,15/09/2025
48575443BAD41AA3,15/09/2025
48575443E29A77A3,15/09/2025
4857544308B5809F,15/09/2025
485754439583ECA5,15/09/2025
48575443663CEAA6,15/09/2025
48575443FB732FA4,15/09/2025
48575443083E17A4,15/09/2025
485754434CAE93A1,15/09/2025
48575443EC29A4A6,15/09/2025
48575443A2D82C9E,15/09/2025
48575443DC76B09F,15/09/2025
48575443E1239A9E,15/09/2025
48575443F040A1A6,15/09/2025
48575443CB7515A3,15/09/2025
485754433E9750A2,15/09/2025
48575443E24FA29E,15/09/2025
485754436C707FA6,15/09/2025
485754436B23F5A5,15/09/2025
48575443F9A37DA5,15/09/2025
4857544308BF3B9F,15/09/2025
48575443177622A1,15/09/2025
48575443EC7C39A4,15/09/2025
48575443E127CF9E,15/09/2025
48575443E5C84EA6,15/09/2025
4857544388A8A0A3,15/09/2025
485754432E80599F,15/09/2025
4857544307DA30A1,15/09/2025
485754436AFE2BA5,15/09/2025
485754431E527DA6,15/09/2025
485754435DF879A5,15/09/2025
48575443FEBEA1A7,15/09/2025
48575443A1DF8AA8,15/09/2025
485754431CFBC4A5,15/09/2025
48575443B91AEDA0,15/09/2025
48575443DB59849E,15/09/2025
48575443729D919F,15/09/2025
48575443829263A5,15/09/2025
48575443827120A5,15/09/2025
48575443BB9221A3,15/09/2025
485754431EB25EA6,15/09/2025
485754432642CDA1,15/09/2025
4857544383B980A5,15/09/2025
485754431C6EFCA3,15/09/2025
485754432FFCC7A0,15/09/2025
485754439D297A9E,15/09/2025
485754431E52E4A6,15/09/2025
4857544383BACDA5,15/09/2025
48575443C58FF5A3,15/09/2025
48575443B4CD74A2,15/09/2025
4857544338D0619F,15/09/2025
485754432E46AEA2,15/09/2025
485754435D6FC5A5,15/09/2025
48575443833094A5,15/09/2025
48575443EACC51A6,15/09/2025
48575443A5BEB7A8,15/09/2025
4857544301295CA3,15/09/2025
4857544353C7B8A6,15/09/2025
48575443E12F5A9E,15/09/2025
4857544398158EA5,15/09/2025
485754439D1F909E,15/09/2025
4857544330AFF49F,15/09/2025
4857544331E5739F,15/09/2025
4857544369FF56A5,15/09/2025
485754439D646D9E,15/09/2025
48575443B3EF3A9E,15/09/2025
485754431B9D52A7,15/09/2025
485754439D25999E,15/09/2025
4857544321B74AA3,15/09/2025
48575443F65D55A3,15/09/2025
485754439CA367A0,15/09/2025
485754436C6584A6,15/09/2025
48575443743BDB9F,15/09/2025
48575443985EF5A8,15/09/2025
48575443E258E69E,15/09/2025
4857544369DAB4A5,15/09/2025
48575443226EA0A7,15/09/2025
48575443874E74A5,15/09/2025
485754435FD710A5,15/09/2025
48575443874C9EA5,15/09/2025
4857544321F1FAA3,15/09/2025
48575443C5E178A3,15/09/2025
48575443A6927CA8,15/09/2025
485754430336CAA6,15/09/2025
485754436C8520A6,15/09/2025
48575443E6CCCCA3,15/09/2025
48575443B108A4A8,15/09/2025
48575443EA4055A3,15/09/2025
485754435DF85CA5,15/09/2025
485754432F53C9A0,15/09/2025
48575443B8E7AEA0,15/09/2025
48575443873430A5,15/09/2025
485754430F20B79F,15/09/2025
4857544306DD14A8,15/09/2025
485754431C76F8A3,15/09/2025
485754435DF9FEA5,15/09/2025
48575443B9C83BA3,15/09/2025
485754431BBDD9A2,15/09/2025
485754437F4C8EA4,15/09/2025
485754439763C6A5,15/09/2025
48575443954FC8A5,15/09/2025
485754436B0015A5,15/09/2025
485754432FEC01A0,15/09/2025
48575443A1A5FCA8,15/09/2025
48575443563B95A7,15/09/2025
485754435D8D3DA5,15/09/2025
485754430F4ADCA1,15/09/2025
48575443DBA6F1A2,15/09/2025
48575443ECDC2A9E,15/09/2025
48575443E247599E,15/09/2025
4857544383A938A5,15/09/2025
485754436EDF479F,15/09/2025
48575443B8E787A0,15/09/2025
485754430D1E8EA2,15/09/2025
485754430331ABA6,15/09/2025
48575443954227A5,15/09/2025
485754430C701FA8,15/09/2025
48575443C564BAA3,15/09/2025
48575443F02699A6,15/09/2025
485754432630AAA1,15/09/2025
485754432FC0FDA0,15/09/2025
48575443F73C529E,15/09/2025
48575443034874A6,15/09/2025
48575443278135A3,15/09/2025
48575443B404BF9E,15/09/2025
485754438DBAA89F,15/09/2025
48575443E29FFDA3,15/09/2025
485754432F5D0FA0,15/09/2025
485754437FBD16A4,15/09/2025
485754432C09FDA0,15/09/2025
485754435D8578A5,15/09/2025
485754430F74369F,15/09/2025
48575443FD69A0A2,15/09/2025
48575443F526F49E,15/09/2025
4857544314A9199F,15/09/2025
4857544306E0E4A8,15/09/2025
48575443E2B082A3,15/09/2025
4857544339D9B0A7,15/09/2025
48575443EC7C16A4,15/09/2025
48575443DC19A79F,15/09/2025
485754436B2B51A5,15/09/2025
48575443B4D3B5A3,15/09/2025
485754430A19949F,15/09/2025
48575443160E0BA1,15/09/2025
48575443BBA5B2A3,15/09/2025
485754432793D9A3,15/09/2025
48575443EC0C60A6,15/09/2025
48575443DFCD3B9E,15/09/2025
4857544304FAEB9F,15/09/2025
48575443CB7DF1A3,15/09/2025
48575443EC71DBA4,15/09/2025
48575443DC55579E,15/09/2025
485754439D92BDA5,15/09/2025
48575443BB9195A3,15/09/2025
485754437FA9F0A4,15/09/2025
48575443A539ECA8,15/09/2025
485754439D55C79E,15/09/2025
4857544304F8B69F,15/09/2025
485754439D73B19E,15/09/2025
485754437F4D37A4,15/09/2025
48575443663ADFA6,15/09/2025
485754431751B6A1,15/09/2025
48575443699048A5,15/09/2025
4857544308BEEA9F,15/09/2025
48575443E29FE0A3,15/09/2025
48575443C55131A3,15/09/2025
485754432FE90BA0,15/09/2025
485754431588AF9F,15/09/2025
48575443C5D7B0A3,15/09/2025
485754437ED37BA3,15/09/2025
48575443EC52DDA4,15/09/2025
485754432E4900A2,15/09/2025
485754430F10B0A5,15/09/2025
48575443DC43509F,15/09/2025
4857544326333CA1,15/09/2025
4857544393F6F6A5,15/09/2025
4857544393F79CA5,15/09/2025
48575443B4D2CDA2,15/09/2025
48575443FD7A0BA2,15/09/2025
485754430E24EEA3,15/09/2025
485754438D3BDB9F,15/09/2025
485754437F7F0BA4,15/09/2025
485754435E30899F,15/09/2025
48575443D536F9A5,15/09/2025
485754432E7A2E9F,15/09/2025
48575443607BCDA5,15/09/2025
485754432BBE1DA0,15/09/2025
48575443E24DAE9E,15/09/2025
48575443C58C7AA3,15/09/2025
485754433123BA9F,15/09/2025
48575443DFBA809E,15/09/2025
48575443E14AC99E,15/09/2025
485754431C6B0DA3,15/09/2025
485754430334B3A6,15/09/2025
485754435DF8C5A5,15/09/2025
485754432E7E6EA2,15/09/2025
48575443811EACA8,15/09/2025
48575443A58872A8,15/09/2025
485754433E065EA2,15/09/2025
48575443972E78A5,15/09/2025
48575443B4AFE0A2,15/09/2025
485754436AE7ABA5,15/09/2025
485754435B730C9F,15/09/2025
485754436FB736A5,15/09/2025
485754434739E4A7,15/09/2025
485754436B2B90A5,15/09/2025
48575443B4CC66A3,15/09/2025
48575443F1D2FA9E,15/09/2025
48575443A04373A3,15/09/2025
485754437EDFB5A5,15/09/2025
4857544395832BA5,15/09/2025
485754439773FBA5,15/09/2025
48575443012A72A3,15/09/2025
48575443162EFAA1,15/09/2025
485754437A1E27A5,15/09/2025
485754436984F0A5,15/09/2025
485754439895DFA8,15/09/2025
485754430119E3A3,15/09/2025
485754431CF5A6A5,15/09/2025
48575443889F01A3,15/09/2025
48575443830F3CA5,15/09/2025
48575443211D84A5,15/09/2025
485754433100919F,15/09/2025
48575443DD62B5A6,15/09/2025
48575443607440A5,15/09/2025
485754432237999F,15/09/2025
48575443D582D49F,15/09/2025
48575443DCF51B9F,15/09/2025
4857544397A9ADA5,15/09/2025
48575443E1A097A5,15/09/2025
485754432BC321A0,15/09/2025
48575443D5896F9F,15/09/2025
48575443D637EFA3,15/09/2025
48575443F1D94C9E,15/09/2025
485754438220ACA5,15/09/2025
48575443CB571BA3,15/09/2025
4857544382A033A5,15/09/2025
48575443977059A5,15/09/2025
48575443A5CB6AA8,15/09/2025
48575443277C1BA3,15/09/2025
48575443F5285D9E,15/09/2025
48575443729BD69F,15/09/2025
48575443DD5A38A6,15/09/2025
485754435B6AA49F,15/09/2025
485754439DAEFAA5,15/09/2025
4857544304FC699F,15/09/2025
48575443F9DF8FA5,15/09/2025
485754431C0450A3,15/09/2025
4857544374205B9F,15/09/2025
485754430A29CE9F,15/09/2025
48575443E4DAE4A7,15/09/2025
485754439D21719E,15/09/2025
4857544307D3ABA4,15/09/2025
48575443E28094A3,15/09/2025
485754437ABA24A4,15/09/2025
485754439874A5A8,15/09/2025
485754430ACF51A3,15/09/2025
48575443389252A7,15/09/2025
48575443DA53DDA4,15/09/2025
48575443FA46CAA6,15/09/2025
48575443742BB69F,15/09/2025
48575443E2751CA3,15/09/2025
485754431BF4D1A2,15/09/2025
4857544346919AA5,15/09/2025
48575443B4C4D8A3,15/09/2025
4857544394D42DA5,15/09/2025
48575443263331A1,15/09/2025
485754435B63679F,15/09/2025
48575443811870A8,15/09/2025
48575443EC3AE1A6,15/09/2025
485754436C15B9A5,15/09/2025
48575443CAD9F1A8,15/09/2025
485754438321CFA5,15/09/2025
485754436A6C53A5,15/09/2025
485754430C6B9EA8,15/09/2025
48575443CB78F4A3,15/09/2025
48575443A03F5EA3,15/09/2025
48575443895070A3,15/09/2025
4857544346AC78A5,15/09/2025
48575443955864A5,15/09/2025
485754430E314CA7,15/09/2025
485754435B7C8E9F,15/09/2025
485754439C8535A0,15/09/2025
48575443EBF9ACA4,15/09/2025
48575443810D23A8,15/09/2025
48575443E114E4A3,15/09/2025
48575443BB07B4A3,15/09/2025
48575443E82D34A3,15/09/2025
485754437A06DFA5,15/09/2025
48575443CC75EFA8,15/09/2025
4857544347434CA7,15/09/2025
485754431D1330A5,15/09/2025
48575443C56DC4A3,15/09/2025
485754432BA27EA0,15/09/2025
485754430AC44DA3,15/09/2025
485754437AEB12A4,15/09/2025
485754430A39569F,15/09/2025
4857544331E8A89F,15/09/2025
4857544321B9EBA3,15/09/2025
48575443162904A1,15/09/2025
485754437F56BBA4,15/09/2025
48575443B4CD8BA2,15/09/2025
48575443B360919E,15/09/2025
485754439D18C09E,15/09/2025
48575443E4E83BA7,15/09/2025
48575443DB62C09E,15/09/2025
485754430C0381A8,15/09/2025
48575443DCC6BE9F,15/09/2025
4857544346B689A5,15/09/2025
48575443C8F2A8A8,15/09/2025
48575443F9A873A5,15/09/2025
48575443838921A5,15/09/2025
485754430E4653A7,15/09/2025
485754436A6933A5,15/09/2025
48575443FA1158A6,15/09/2025
48575443A8EF26A8,15/09/2025
485754432C071FA0,15/09/2025
485754433894A9A7,15/09/2025
4857544382EC409F,15/09/2025
4857544321CB52A3,15/09/2025
4857544384428A9E,15/09/2025
485754434CB682A1,15/09/2025
48575443CAB612A8,15/09/2025
48575443E1189DA3,15/09/2025
485754437F1890A5,15/09/2025
485754438AA480A3,15/09/2025
4857544345D545A7,15/09/2025
48575443D4B3859F,15/09/2025
48575443B403429E,15/09/2025
48575443600B37A5,15/09/2025
485754432231469F,15/09/2025
48575443E4F0ABA7,15/09/2025
485754431E6691A6,15/09/2025
48575443BBC763A3,15/09/2025
485754437F166FA4,15/09/2025
485754431CC3E6A5,15/09/2025
48575443F01AC6A6,15/09/2025
485754430F52BB9F,15/09/2025
48575443D61A7DA3,15/09/2025
48575443DD70B7A6,15/09/2025
485754439D54B89E,15/09/2025
48575443959798A5,15/09/2025
4857544397B2C8A5,15/09/2025
48575443956001A5,15/09/2025
48575443825093A5,15/09/2025
485754430F41C99F,15/09/2025
4857544303DAFCA3,15/09/2025
48575443561062A7,15/09/2025
485754430D5382A2,15/09/2025
48575443DC948A9F,15/09/2025
485754437F742DA4,15/09/2025
485754431F5092A7,15/09/2025
48575443976F19A5,15/09/2025
485754432C0106A0,15/09/2025
48575443E114CB9E,15/09/2025
485754436BF2C7A5,15/09/2025
4857544394DAE9A5,15/09/2025
48575443310DE09F,15/09/2025
48575443EA3222A3,15/09/2025
485754430F0E1AA5,15/09/2025
485754431C0E59A3,15/09/2025
485754432E91589F,15/09/2025
485754431E9378A6,15/09/2025
485754438286E8A5,15/09/2025
485754430A1E439F,15/09/2025
48575443B3950F9E,15/09/2025
4857544331EC079F,15/09/2025
48575443A1FCC6A8,15/09/2025
48575443E14B089E,15/09/2025
4857544344BAFDA7,15/09/2025
4857544384418E9E,15/09/2025
48575443161C1DA1,15/09/2025
48575443C8CA6DA8,15/09/2025
48575443EC39FBA4,15/09/2025
48575443EC0C05A4,15/09/2025
48575443EAE91FA6,15/09/2025
485754430D24E0A2,15/09/2025
48575443032ED3A6,15/09/2025
485754435601F9A7,15/09/2025
485754438D8EBF9F,15/09/2025
485754439D33649E,15/09/2025
4857544369DA68A5,15/09/2025
4857544315891F9F,15/09/2025
485754437A07DCA4,15/09/2025
48575443CF22B59F,15/09/2025
485754436F040C9F,15/09/2025
48575443834080A5,15/09/2025
48575443606624A5,15/09/2025
485754436C2332A5,15/09/2025
485754436A5D40A5,15/09/2025
48575443D563DDA3,15/09/2025
48575443CC7148A8,15/09/2025
48575443EB9D519E,15/09/2025
485754436AE6F8A5,15/09/2025
48575443B371449E,15/09/2025
48575443E1313C9E,15/09/2025
48575443E24E079E,15/09/2025
4857544329B5DDA5,15/09/2025
485754430C1978A4,15/09/2025
485754431BDDD7A2,15/09/2025
485754432BF564A0,15/09/2025
4857544379B9F9A4,15/09/2025
48575443156B269F,15/09/2025
48575443BDA95EA4,15/09/2025
485754432C296EA0,15/09/2025
48575443A545C4A8,15/09/2025
48575443B92903A0,15/09/2025
48575443F078AEA4,15/09/2025
48575443F9C487A6,15/09/2025
48575443162BE3A1,15/09/2025
48575443F1D8539E,15/09/2025
48575443B10E34A8,15/09/2025
48575443BA38EBA3,15/09/2025
48575443C5AF94A3,15/09/2025
485754439C8A43A0,15/09/2025
48575443ECE1209E,15/09/2025
485754430E94229F,15/09/2025
48575443080919A1,15/09/2025
48575443E12E2E9E,15/09/2025
48575443EB9D369E,15/09/2025
48575443DB5C209E,15/09/2025
485754438372D4A5,15/09/2025
48575443D588B7A3,15/09/2025
485754438DAE129F,15/09/2025
48575443987AF4A8,15/09/2025
48575443D5649EA3,15/09/2025
48575443E147C89E,15/09/2025
48575443B3604D9E,15/09/2025
48575443607992A5,15/09/2025
48575443E85389A7,15/09/2025
485754436EF6BF9F,15/09/2025
48575443DC1B339F,15/09/2025
4857544369DEBEA5,15/09/2025
485754437437159F,15/09/2025
48575443B5A40AA3,15/09/2025
48575443D7FFE19F,15/09/2025
48575443E679C7A3,15/09/2025
48575443BB8D0AA3,15/09/2025
4857544380C9379F,15/09/2025
485754437457D19F,15/09/2025
48575443E5C2C7A6,15/09/2025
48575443E117009E,15/09/2025
485754431C24F4A2,15/09/2025
485754431F5D6FA7,15/09/2025
48575443EB7FFA9E,15/09/2025
48575443ECE71B9E,15/09/2025
48575443CB7028A3,15/09/2025
48575443BB877FA3,15/09/2025
48575443F9A064A6,15/09/2025
485754430AA44CA3,15/09/2025
48575443DC447A9F,15/09/2025
4857544397A3ACA5,15/09/2025
485754430E96459F,15/09/2025
4857544330FB369F,15/09/2025
48575443475D88A7,15/09/2025
485754435CC813A5,15/09/2025
48575443A5D852A8,15/09/2025
48575443EBD485A6,15/09/2025
48575443C5C842A3,15/09/2025
4857544398AB97A8,15/09/2025
48575443876878A3,15/09/2025
485754439D68519E,15/09/2025
485754430A2A4E9F,15/09/2025
485754438F1C229F,15/09/2025
48575443F74C519E,15/09/2025
4857544315B967A1,15/09/2025
485754437F59F0A4,15/09/2025
4857544344AE77A7,15/09/2025
485754431C08A5A3,15/09/2025
48575443BB8F5EA3,15/09/2025
48575443BB9664A3,15/09/2025
48575443EBFE92A4,15/09/2025
4857544320FB3EA5,15/09/2025
48575443DC66C99F,15/09/2025
48575443DC54979F,15/09/2025
48575443729E079F,15/09/2025
485754437A29D6A5,15/09/2025
48575443B365E19E,15/09/2025
48575443698DA8A5,15/09/2025
485754437283949F,15/09/2025
485754437A3720A5,15/09/2025
485754438F19909F,15/09/2025
48575443EB89879E,15/09/2025
48575443DC59F79E,15/09/2025
485754439D296C9E,15/09/2025
48575443C54654A3,15/09/2025
48575443DBB5A0A2,15/09/2025
48575443F29752A2,15/09/2025
4857544397367CA5,15/09/2025
48575443E4E580A7,15/09/2025
485754437ABA7CA4,15/09/2025
48575443EBE663A6,15/09/2025
48575443EC0FACA6,15/09/2025
4857544379A50CA5,15/09/2025
48575443DD601EA6,15/09/2025
4857544345CD89A7,15/09/2025
48575443CAACAAA8,15/09/2025
48575443159E629F,15/09/2025
48575443E5BC69A6,15/09/2025
485754430A09009F,15/09/2025
485754432C0DB7A0,15/09/2025
48575443162179A1,15/09/2025
48575443561D8FA7,15/09/2025
4857544355E241A7,15/09/2025
48575443D54246A5,15/09/2025
485754435E3BDF9F,15/09/2025
485754430A09059F,15/09/2025
48575443DFBA3D9E,15/09/2025
48575443EBE105A4,15/09/2025
48575443A55FAFA8,15/09/2025
48575443BDA616A4,15/09/2025
485754432E91229F,15/09/2025
485754431E52C4A6,15/09/2025
485754430E1C3FA3,15/09/2025
48575443DCF6B19F,15/09/2025
485754431CFD8CA5,15/09/2025
48575443DFA8129E,15/09/2025
485754438F197D9F,15/09/2025
485754431EA03CA6,15/09/2025
4857544393B5A5A8,15/09/2025
4857544310E7D59F,15/09/2025
485754432E325BA2,15/09/2025
48575443B8FDF4A0,15/09/2025
48575443F1E5BA9E,15/09/2025
48575443C5EDC4A3,15/09/2025
485754437A80D39F,15/09/2025
485754435DFB9BA5,15/09/2025
48575443DF7FAE9F,15/09/2025
48575443889CE7A3,15/09/2025
485754436C8330A6,15/09/2025
485754439D25A39E,15/09/2025
48575443B3E4AB9E,15/09/2025
48575443F5695CA7,15/09/2025
485754435D1E53A5,15/09/2025
48575443A594A4A8,15/09/2025
485754432FDF98A0,15/09/2025
48575443160824A1,15/09/2025
48575443A5F1D1A8,15/09/2025
48575443F65A8BA2,15/09/2025
48575443DF82689F,15/09/2025
485754438F31EB9F,15/09/2025
485754436B3C20A5,15/09/2025
48575443B4BB76A3,15/09/2025
485754431E7047A6,15/09/2025
485754439D36F89E,15/09/2025
485754433E8B5EA2,15/09/2025
48575443DB44949E,15/09/2025
48575443B39190A2,15/09/2025
48575443FA46C0A6,15/09/2025
48575443EB7F039E,15/09/2025
485754431F7660A7,15/09/2025
4857544317581DA1,15/09/2025
48575443DD12E4A3,15/09/2025
485754430A22699F,15/09/2025
485754432BE0D6A0,15/09/2025
48575443F26866A4,15/09/2025
485754438DB7599F,15/09/2025
485754431775AEA1,15/09/2025
48575443175265A1,15/09/2025
485754432988F2A5,15/09/2025
48575443F648ADA2,15/09/2025
48575443F1AFE19E,15/09/2025
48575443B360689E,15/09/2025
48575443C556BFA3,15/09/2025
48575443F9AAE4A6,15/09/2025
48575443ECA2F5A6,15/09/2025
485754435FFFCBA5,15/09/2025
485754437F22F7A4,15/09/2025
4857544339F60CA7,15/09/2025
48575443C8B0AFA8,15/09/2025
4857544306D034A8,15/09/2025
485754436B01CFA5,15/09/2025
485754434722E3A7,15/09/2025
48575443B8E53CA0,15/09/2025
4857544399F6B9A3,15/09/2025
48575443CAEBD3A8,15/09/2025
48575443F26AF3A4,15/09/2025
48575443B90D79A0,15/09/2025
48575443C553F7A3,15/09/2025
485754431592369F,15/09/2025
48575443EC6523A4,15/09/2025
48575443699093A5,15/09/2025
485754430F20E89F,15/09/2025
485754430F3A069F,15/09/2025
485754430D3CCAA2,15/09/2025
48575443F29F6DA2,15/09/2025
485754434496CDA7,15/09/2025
48575443160987A1,15/09/2025
485754438D34E99F,15/09/2025
485754438751D1A5,15/09/2025
48575443279334A3,15/09/2025
48575443BA2A15A3,15/09/2025
4857544398A2FDA8,15/09/2025
48575443474D50A7,15/09/2025
48575443DC5A6B9E,15/09/2025
4857544346B247A5,15/09/2025
48575443EF08B1A6,15/09/2025
48575443D59EB2A3,15/09/2025
485754432BA809A0,15/09/2025
48575443DFBA1C9E,15/09/2025
485754438738BFA5,15/09/2025
485754433895B8A7,15/09/2025
485754431EB0EFA6,15/09/2025
48575443E1AC57A5,15/09/2025
48575443D54C66A5,15/09/2025
4857544321BCD0A3,15/09/2025
485754436034ADA5,15/09/2025
48575443A669DDA8,15/09/2025
48575443D62684A3,15/09/2025
48575443A6007DA8,15/09/2025
48575443CAE580A8,15/09/2025
485754435FE6B5A5,15/09/2025
48575443A53A3CA8,15/09/2025
485754430F17D19F,15/09/2025
48575443DB53029E,15/09/2025
48575443E27218A3,15/09/2025
48575443B8E7AAA0,15/09/2025
48575443B8C7E4A0,15/09/2025
485754431860A4A1,15/09/2025
48575443602AF59D,15/09/2025
485754431C2355A3,15/09/2025
48575443F99EE3A6,15/09/2025
48575443CB98F9A3,15/09/2025
48575443DFB7BA9F,15/09/2025
485754430D3BD1A2,15/09/2025
48575443B8FB35A0,15/09/2025
48575443B8FBECA0,15/09/2025
485754437F9D68A4,15/09/2025
4857544344DE69A7,15/09/2025
48575443B38C96A2,15/09/2025
48575443FA1C9FA5,15/09/2025
485754439D8F7AA5,15/09/2025
48575443E885BBA7,15/09/2025
485754437071499F,15/09/2025
485754431BEBB5A3,15/09/2025
485754435B62C19F,15/09/2025
48575443954FBAA5,15/09/2025
48575443A66C7EA8,15/09/2025
4857544379D90FA4,15/09/2025
485754439DA547A5,15/09/2025
485754432C2C73A0,15/09/2025
485754436FADADA5,15/09/2025
48575443EC3CBCA6,15/09/2025
485754432784C9A3,15/09/2025
485754431247AE9F,15/09/2025
4857544315FF43A1,15/09/2025
485754437774A5A5,15/09/2025
48575443985E12A8,15/09/2025
485754432B9DAEA0,15/09/2025
48575443CF0B05A5,15/09/2025
4857544304FFF89F,15/09/2025
485754431BE640A2,15/09/2025
48575443B3DC239E,15/09/2025
4857544330A5679F,15/09/2025
48575443FEB359A7,15/09/2025
4857544321B57CA3,15/09/2025
