48575443A22FA1AA,15/09/2025
485754430F9B0BAA,15/09/2025
48575443B0C248AB,15/09/2025
48575443E919A1AB,15/09/2025
48575443EE261DAB,15/09/2025
48575443D24717AB,15/09/2025
4857544326CEF0AD,15/09/2025
48575443B3B391AC,15/09/2025
48575443B153EDAC,15/09/2025
48575443B0C78CAC,15/09/2025
48575443FC13A0AC,15/09/2025
48575443B0C461AC,15/09/2025
48575443FA6784AC,15/09/2025
4857544313DA86AD,15/09/2025
48575443B0B57BAC,15/09/2025
48575443FA666FAC,15/09/2025
48575443B0B380AC,15/09/2025
48575443F45946AC,15/09/2025
48575443B0C60FAC,15/09/2025
4857544313D9A8AD,15/09/2025
48575443B0C574AC,15/09/2025
48575443B67116AA,15/09/2025
485754430E8A4AAA,15/09/2025
48575443ADB910AB,15/09/2025
48575443790D7EAD,15/09/2025
48575443B8DC0CAA,15/09/2025
48575443E41C8CAD,15/09/2025
485754431D1744AA,15/09/2025
485754439F39D4AA,15/09/2025
48575443096C09AA,15/09/2025
48575443A3DD9CAA,15/09/2025
48575443D21EB6AB,15/09/2025
48575443A44BC8AA,15/09/2025
485754430B0DD1AA,15/09/2025
48575443E0BE42AA,15/09/2025
485754430C4AD0AA,15/09/2025
48575443489B4FAD,15/09/2025
48575443B72E32AA,15/09/2025
48575443B96C52AA,15/09/2025
485754430FA4C5AA,15/09/2025
485754430A738FAA,15/09/2025
48575443A3E8D6AA,15/09/2025
48575443B800BEAA,15/09/2025
48575443B8D903AA,15/09/2025
48575443AB0255AA,15/09/2025
485754438EF114AD,15/09/2025
48575443EE3B0AAB,15/09/2025
48575443F45917AC,15/09/2025
48575443B94A58AA,15/09/2025
48575443E98370AB,15/09/2025
48575443E8E85EAB,15/09/2025
48575443E45C1BAD,15/09/2025
48575443DED83BAA,15/09/2025
485754430FB69BAA,15/09/2025
48575443A3B552AA,15/09/2025
485754430E6F82AA,15/09/2025
485754431ED8BDAA,15/09/2025
485754430C64EDAA,15/09/2025
48575443B98768AA,15/09/2025
48575443EE147AAB,15/09/2025
485754437911A6AD,15/09/2025
48575443CFEC1DAD,15/09/2025
48575443E9BABBAB,15/09/2025
4857544348F715AD,15/09/2025
485754434BD138AD,15/09/2025
485754430C33B9AA,15/09/2025
485754437A356DAD,15/09/2025
485754430F9EF2AA,15/09/2025
485754431D0D0AAA,15/09/2025
48575443B70883AA,15/09/2025
48575443B0BA08AC,15/09/2025
485754431D23D0AA,15/09/2025
485754431522DAAC,15/09/2025
48575443E403DDAD,15/09/2025
48575443A3B0C3AA,15/09/2025
48575443B97C2EAA,15/09/2025
48575443977B13AD,15/09/2025
48575443E43DB3AD,15/09/2025
48575443804E7CAA,15/09/2025
48575443E53E5EAD,15/09/2025
48575443EE52B2AB,15/09/2025
48575443B01F9DAB,15/09/2025
48575443175655A1,15/09/2025
48575443824711AD,15/09/2025
48575443E410AEAD,15/09/2025
48575443E9AC43AB,15/09/2025
48575443B0C048AB,15/09/2025
48575443E983F4AB,15/09/2025
4857544326D195AD,15/09/2025
485754430E6942AA,15/09/2025
48575443F4549BAC,15/09/2025
48575443B13D62AC,15/09/2025
48575443AAC9B3AA,15/09/2025
48575443EDDEC9AC,15/09/2025
485754430E5E4BAA,15/09/2025
485754430973E1AA,15/09/2025
48575443FC12E7AC,15/09/2025
48575443B981B5AA,15/09/2025
48575443B0C667AC,15/09/2025
48575443B1534CAC,15/09/2025
48575443ADF2D0AC,15/09/2025
48575443A339C7AA,15/09/2025
48575443AACE82AA,15/09/2025
48575443B0A6C7AC,15/09/2025
48575443824C1BAD,15/09/2025
48575443790E57AD,15/09/2025
4857544383FDA8AD,15/09/2025
48575443B0B483AB,15/09/2025
4857544308B84EAA,15/09/2025
48575443A33418AA,15/09/2025
485754438EC966AD,15/09/2025
485754430B2EB8AA,15/09/2025
485754438EF248AD,15/09/2025
485754430AFB4DAA,15/09/2025
48575443B0A232AC,15/09/2025
4857544382879AAA,15/09/2025
48575443824F0FAD,15/09/2025
4857544309729DAA,15/09/2025
4857544315079EAC,15/09/2025
48575443B1473FAC,15/09/2025
48575443ADEF02AC,15/09/2025
485754430ECC60AA,15/09/2025
48575443A1F900AA,15/09/2025
48575443DEB029AA,15/09/2025
4857544383FF6EAD,15/09/2025
48575443E8EAC4AB,15/09/2025
48575443AB0D4CAA,15/09/2025
48575443DEE7D5AA,15/09/2025
48575443B80CF9AA,15/09/2025
485754432FAC1BAD,15/09/2025
48575443489717AD,15/09/2025
485754430FAADBAA,15/09/2025
48575443A1FC12AA,15/09/2025
48575443E79237AA,15/09/2025
48575443B73224AA,15/09/2025
48575443ADD4A1AC,15/09/2025
4857544382A152AA,15/09/2025
48575443A3C88EAA,15/09/2025
48575443E402EAAD,15/09/2025
48575443A3DD43AA,15/09/2025
48575443DEE357AA,15/09/2025
4857544384115CAD,15/09/2025
485754430A7BD6AA,15/09/2025
485754430E3F90AA,15/09/2025
48575443A1D67FAA,15/09/2025
48575443083173AA,15/09/2025
48575443A3319CAA,15/09/2025
48575443FC0F4AAC,15/09/2025
485754434BCB8CAD,15/09/2025
48575443B8ACA9AA,15/09/2025
48575443B9854FAA,15/09/2025
485754434BBAA0AD,15/09/2025
485754431ED48AAA,15/09/2025
48575443B0B146AC,15/09/2025
48575443F46292AC,15/09/2025
48575443FC0D15AC,15/09/2025
48575443A32BF4AA,15/09/2025
48575443FC0507AC,15/09/2025
48575443AB13B4AA,15/09/2025
485754434BBCA6AD,15/09/2025
48575443FC154BAC,15/09/2025
485754430A9270AA,15/09/2025
48575443E9A2ABAB,15/09/2025
48575443B01A32AB,15/09/2025
485754438EB4F9AD,15/09/2025
48575443DEE528AA,15/09/2025
485754430F689BAA,15/09/2025
485754430E84B6AA,15/09/2025
48575443B0C38AAB,15/09/2025
48575443B14F1BAC,15/09/2025
48575443DEB594AA,15/09/2025
485754430C6176AA,15/09/2025
485754431CD30AAA,15/09/2025
48575443A43A49AA,15/09/2025
485754430B14BDAA,15/09/2025
485754432FA8F9AD,15/09/2025
485754431E4EDCAC,15/09/2025
485754430F0DEFAA,15/09/2025
48575443840F9DAD,15/09/2025
485754430853CAAA,15/09/2025
48575443B3BA11AC,15/09/2025
48575443B80EB3AA,15/09/2025
485754431BB895AA,15/09/2025
4857544384D6ADAA,15/09/2025
48575443FC108EAC,15/09/2025
485754431CAEC4AA,15/09/2025
485754431EE9D5AA,15/09/2025
485754438EF622AD,15/09/2025
485754430F70E6AA,15/09/2025
48575443ADE7C2AC,15/09/2025
48575443AAC970AA,15/09/2025
4857544315160CAC,15/09/2025
48575443E4042AAD,15/09/2025
48575443CFF6A9AD,15/09/2025
48575443A3C3B6AA,15/09/2025
48575443B0AEF1AC,15/09/2025
485754431ED3E0AA,15/09/2025
48575443E3EFF1AD,15/09/2025
4857544383EB7AAD,15/09/2025
48575443A3DE2EAA,15/09/2025
485754431D0DD7AA,15/09/2025
48575443B7F75AAA,15/09/2025
48575443ADF3F6AC,15/09/2025
48575443A3BAA1AA,15/09/2025
48575443B3B830AC,15/09/2025
485754438400C1AD,15/09/2025
485754430E7942AA,15/09/2025
485754438209F8AD,15/09/2025
48575443B7155AAA,15/09/2025
48575443AB2ABBAA,15/09/2025
48575443ADDAD5AC,15/09/2025
48575443E3F70CAD,15/09/2025
48575443821C29AD,15/09/2025
485754431F289FAA,15/09/2025
48575443E92BF5AB,15/09/2025
485754431C35D3AA,15/09/2025
485754430C76F0AA,15/09/2025
48575443DEEA8AAA,15/09/2025
4857544384150DAD,15/09/2025
48575443B8AC36AA,15/09/2025
48575443A20196AA,15/09/2025
48575443080F65AA,15/09/2025
48575443A3BF58AA,15/09/2025
48575443793203AD,15/09/2025
485754431C5A4FAA,15/09/2025
4857544381FC9AAD,15/09/2025
4857544311D781AC,15/09/2025
48575443EE4023AB,15/09/2025
48575443A3F590AA,15/09/2025
4857544322F915AF,15/09/2025
48575443B7252CAA,15/09/2025
485754438EC449AD,15/09/2025
485754430C3BEFAA,15/09/2025
48575443E8E148AB,15/09/2025
48575443E43E8CAD,15/09/2025
48575443E0CA2CAA,15/09/2025
48575443D23F18AB,15/09/2025
48575443B94645AA,15/09/2025
48575443E991B3AB,15/09/2025
48575443B152ADAC,15/09/2025
48575443B0C3F0AB,15/09/2025
48575443B7144AAA,15/09/2025
4857544307FE37AA,15/09/2025
48575443E0DCACAA,15/09/2025
48575443B9508FAA,15/09/2025
48575443B66F52AA,15/09/2025
48575443EE1042AB,15/09/2025
48575443B8D6DCAA,15/09/2025
485754431C0EE6AA,15/09/2025
485754431CAE0CAA,15/09/2025
485754431C5203AA,15/09/2025
485754430988D2AA,15/09/2025
48575443A200EEAA,15/09/2025
485754430E82F6AA,15/09/2025
48575443F45EFCAC,15/09/2025
485754431BFEBCAA,15/09/2025
48575443ADEAA9AC,15/09/2025
4857544311E328AC,15/09/2025
48575443B0BCDEAC,15/09/2025
48575443FC083FAC,15/09/2025
48575443ADE082AC,15/09/2025
48575443ADF413AC,15/09/2025
48575443B14C4BAC,15/09/2025
48575443DECCEBAA,15/09/2025
48575443B13EF4AC,15/09/2025
48575443B0B364AC,15/09/2025
48575443FC1249AC,15/09/2025
48575443ADE1D7AC,15/09/2025
48575443EDE4F9AC,15/09/2025
48575443A12927AA,15/09/2025
48575443ADD89CAC,15/09/2025
48575443829364AA,15/09/2025
4857544326CDB0AD,15/09/2025
4857544313DDBBAD,15/09/2025
48575443EDDBF2AC,15/09/2025
48575443B14755AC,15/09/2025
48575443A3A3C4AA,15/09/2025
485754430F759FAA,15/09/2025
48575443E8AAA1AB,15/09/2025
485754430F1C87AA,15/09/2025
485754438EFA0AAD,15/09/2025
48575443EDDE5CAC,15/09/2025
4857544308BFF6AA,15/09/2025
48575443E8A3B6AB,15/09/2025
48575443AAFF5CAA,15/09/2025
48575443E8A924AB,15/09/2025
48575443490A03AD,15/09/2025
48575443DEA81AAA,15/09/2025
48575443D23C41AB,15/09/2025
485754437923F7AD,15/09/2025
48575443B8A5F2AA,15/09/2025
485754430974F8AA,15/09/2025
48575443EDDB21AC,15/09/2025
48575443B72B4FAA,15/09/2025
48575443ADF47FAC,15/09/2025
485754430C7662AA,15/09/2025
48575443B0C4C2AC,15/09/2025
485754431BEE90AA,15/09/2025
48575443F282E0AB,15/09/2025
48575443B7C067AA,15/09/2025
48575443E0ACD9AA,15/09/2025
48575443A1E909AA,15/09/2025
48575443B0BCEFAB,15/09/2025
48575443793162AD,15/09/2025
48575443EC54FEAC,15/09/2025
48575443EDE5DDAC,15/09/2025
48575443B0B313AC,15/09/2025
48575443E0E383AA,15/09/2025
48575443DF402AAD,15/09/2025
48575443DEB9FCAA,15/09/2025
48575443B0167AAB,15/09/2025
485754431ED916AA,15/09/2025
485754430C5E85AA,15/09/2025
48575443AABCDDAA,15/09/2025
48575443E9BB71AB,15/09/2025
48575443B671F9AA,15/09/2025
48575443B981A8AA,15/09/2025
48575443B6FA79AA,15/09/2025
48575443E0BB36AA,15/09/2025
48575443A2302DAA,15/09/2025
48575443A43E16AA,15/09/2025
48575443EDDA96AC,15/09/2025
48575443791EE8AD,15/09/2025
48575443F287CDAB,15/09/2025
485754430C6D08AA,15/09/2025
485754431D2F60AA,15/09/2025
4857544308CED9AA,15/09/2025
48575443FC0DB2AC,15/09/2025
48575443B13E2EAC,15/09/2025
4857544311F853AC,15/09/2025
4857544326CAAFAD,15/09/2025
48575443083DC1AA,15/09/2025
48575443ADB643AB,15/09/2025
48575443F45CDCAC,15/09/2025
48575443A3D399AA,15/09/2025
485754430E4841AA,15/09/2025
4857544384D3BEAA,15/09/2025
48575443B7F949AA,15/09/2025
48575443E79628AA,15/09/2025
485754438ECBD8AD,15/09/2025
48575443A1F864AA,15/09/2025
485754438050D4AA,15/09/2025
48575443D218CAAB,15/09/2025
485754438F09CCAD,15/09/2025
48575443FC0564AC,15/09/2025
485754430831F7AA,15/09/2025
48575443804D37AA,15/09/2025
48575443A23CD1AA,15/09/2025
48575443B0BF1AAC,15/09/2025
48575443FA5F6CAC,15/09/2025
485754430E55DEAA,15/09/2025
485754432FAC1AAD,15/09/2025
48575443F46070AC,15/09/2025
48575443B0A455AC,15/09/2025
485754431EFAE5AA,15/09/2025
4857544307EC99AA,15/09/2025
485754431CFC95AA,15/09/2025
48575443B89D82AA,15/09/2025
48575443FC1097AC,15/09/2025
48575443E8F129AB,15/09/2025
485754439F2054AA,15/09/2025
485754431BB6B2AA,15/09/2025
48575443B0C3D9AB,15/09/2025
48575443489FF5AD,15/09/2025
48575443EDE250AC,15/09/2025
4857544308F3A8AA,15/09/2025
4857544308F012AA,15/09/2025
48575443B0AEEDAC,15/09/2025
48575443B0A78DAC,15/09/2025
485754438ED47CAD,15/09/2025
48575443840C8BAD,15/09/2025
48575443B97C23AA,15/09/2025
48575443E8E683AB,15/09/2025
485754430B21DEAA,15/09/2025
48575443EDE0C9AC,15/09/2025
48575443D24BB0AB,15/09/2025
48575443B143B2AC,15/09/2025
48575443B97BE7AA,15/09/2025
48575443A3C977AA,15/09/2025
48575443F45609AC,15/09/2025
4857544326CD31AD,15/09/2025
48575443A3BED8AA,15/09/2025
48575443E0C7C1AA,15/09/2025
48575443E0A649AA,15/09/2025
4857544308B451AA,15/09/2025
485754431BBB3DAA,15/09/2025
48575443B96A65AA,15/09/2025
4857544308D2ADAA,15/09/2025
48575443E9B2BCAB,15/09/2025
485754430FB200AA,15/09/2025
485754438285ACAA,15/09/2025
48575443B13DA7AC,15/09/2025
485754430C4E6FAA,15/09/2025
48575443A24CDAAA,15/09/2025
485754430FA49BAA,15/09/2025
4857544326C616AD,15/09/2025
48575443B980A8AA,15/09/2025
48575443B74775AA,15/09/2025
48575443B8A075AA,15/09/2025
48575443DEB6B3AA,15/09/2025
48575443E09F5EAA,15/09/2025
48575443B14CB1AC,15/09/2025
48575443B72754AA,15/09/2025
48575443B97C14AA,15/09/2025
485754431D1D15AA,15/09/2025
485754431EB950AA,15/09/2025
48575443B152C1AC,15/09/2025
48575443B1539FAC,15/09/2025
48575443B13DB8AC,15/09/2025
485754430FA17AAA,15/09/2025
48575443B14373AC,15/09/2025
48575443D22CC7AB,15/09/2025
48575443F4583DAC,15/09/2025
48575443B0BB8AAC,15/09/2025
48575443B0AF9BAC,15/09/2025
48575443B1583EAC,15/09/2025
48575443B0BE82AC,15/09/2025
48575443B3B88EAC,15/09/2025
48575443B0C04AAC,15/09/2025
48575443B1579CAC,15/09/2025
48575443D237BAAB,15/09/2025
48575443DF493DAD,15/09/2025
48575443B825D5AA,15/09/2025
48575443B0B3F4AC,15/09/2025
485754432FAC38AD,15/09/2025
48575443A44BA5AA,15/09/2025
48575443B72781AA,15/09/2025
48575443B7A924AA,15/09/2025
485754431D13C8AA,15/09/2025
48575443490876AD,15/09/2025
48575443FC0A7EAC,15/09/2025
4857544384DB23AA,15/09/2025
48575443B0C67BAC,15/09/2025
48575443F4554BAC,15/09/2025
48575443B0A4EBAC,15/09/2025
4857544326D470AD,15/09/2025
48575443B0BE5EAC,15/09/2025
48575443FA663CAC,15/09/2025
48575443B13DBFAC,15/09/2025
48575443B97764AA,15/09/2025
48575443E44EFBAD,15/09/2025
485754431F04C5AA,15/09/2025
48575443DEE7EBAA,15/09/2025
48575443E8ED62AB,15/09/2025
4857544326C5B8AD,15/09/2025
48575443EDE1CDAC,15/09/2025
48575443FC0B4AAC,15/09/2025
48575443B0BDC4AC,15/09/2025
48575443EDDF90AC,15/09/2025
48575443F45DF9AC,15/09/2025
48575443B7A647AA,15/09/2025
48575443B14B68AC,15/09/2025
48575443FC13FAAC,15/09/2025
485754438EEDA4AD,15/09/2025
48575443B0BE2EAC,15/09/2025
48575443FC0C2EAC,15/09/2025
485754431F2A35AA,15/09/2025
48575443ADDE7AAC,15/09/2025
48575443FC07AAAC,15/09/2025
485754438296D9AA,15/09/2025
48575443AB265EAA,15/09/2025
48575443F45944AC,15/09/2025
485754430E617FAA,15/09/2025
485754430C5E1EAA,15/09/2025
485754430E4416AA,15/09/2025
485754430E62DAAA,15/09/2025
485754431C344CAA,15/09/2025
48575443E916EAAB,15/09/2025
485754430974AEAA,15/09/2025
48575443B14B36AC,15/09/2025
4857544309793DAA,15/09/2025
48575443FC0DBEAC,15/09/2025
48575443FC0A10AC,15/09/2025
48575443FA6814AC,15/09/2025
48575443B3B31DAC,15/09/2025
485754430A7D64AA,15/09/2025
4857544313FB89AC,15/09/2025
48575443F45463AC,15/09/2025
485754430F6ACBAA,15/09/2025
48575443AB2685AA,15/09/2025
48575443B0A331AC,15/09/2025
48575443FC2DC4AC,15/09/2025
48575443EDE3ABAC,15/09/2025
4857544313D7DDAD,15/09/2025
4857544313D75EAD,15/09/2025
4857544313F578AC,15/09/2025
485754430FC07CAA,15/09/2025
4857544326D2B1AD,15/09/2025
485754438ED560AD,15/09/2025
4857544326C7AEAD,15/09/2025
48575443EDDDF0AC,15/09/2025
48575443B0BCA4AC,15/09/2025
48575443B0BAC9AC,15/09/2025
48575443B66B02AA,15/09/2025
4857544382976FAA,15/09/2025
48575443E79886AA,15/09/2025
485754431512BDAC,15/09/2025
48575443D22530AB,15/09/2025
48575443B72ADFAA,15/09/2025
48575443E792C5AA,15/09/2025
4857544326C8BFAD,15/09/2025
48575443AB3CA0AA,15/09/2025
48575443B14EE7AC,15/09/2025
48575443EDE1ABAC,15/09/2025
485754438EB961AD,15/09/2025
48575443B0AA6CAC,15/09/2025
4857544313D814AD,15/09/2025
48575443B0B220AC,15/09/2025
48575443EE3439AB,15/09/2025
48575443ADEC3AAC,15/09/2025
48575443B0C836AC,15/09/2025
4857544380594DAA,15/09/2025
485754430C62B1AA,15/09/2025
485754431D1C5BAA,15/09/2025
48575443E90484AB,15/09/2025
48575443A23D85AA,15/09/2025
485754431F192FAA,15/09/2025
485754438F0872AD,15/09/2025
4857544381F98DAD,15/09/2025
48575443E43261AD,15/09/2025
485754432FA804AD,15/09/2025
48575443B14349AC,15/09/2025
48575443FC0AD2AC,15/09/2025
48575443B80C18AA,15/09/2025
485754432FA472AD,15/09/2025
4857544308E5EFAA,15/09/2025
48575443081579AA,15/09/2025
48575443B3B9E3AC,15/09/2025
4857544326CCCFAD,15/09/2025
48575443ADD54FAC,15/09/2025
48575443F4573CAC,15/09/2025
48575443AAA643AA,15/09/2025
4857544326D0FAAD,15/09/2025
48575443084D1CAA,15/09/2025
4857544313D0ADAD,15/09/2025
48575443B1528CAC,15/09/2025
48575443ADE68AAC,15/09/2025
48575443B0ABC1AC,15/09/2025
48575443B1445FAC,15/09/2025
48575443FC15C0AC,15/09/2025
48575443B94823AA,15/09/2025
48575443A34E7BAA,15/09/2025
48575443D241E3AB,15/09/2025
485754437D60E9AD,15/09/2025
4857544307E035AA,15/09/2025
48575443FC04C9AC,15/09/2025
48575443B7A6B0AA,15/09/2025
48575443B0BBD5AC,15/09/2025
48575443B97461AA,15/09/2025
48575443B15115AC,15/09/2025
48575443EC5FE2AC,15/09/2025
48575443B0BCBEAC,15/09/2025
48575443488E93AD,15/09/2025
48575443B1531DAC,15/09/2025
48575443A32BD8AA,15/09/2025
48575443B0AF8DAC,15/09/2025
48575443B3B312AC,15/09/2025
48575443B0BB4CAC,15/09/2025
48575443B0BCB8AC,15/09/2025
4857544307FD4BAA,15/09/2025
48575443B80A01AA,15/09/2025
4857544311DB31AC,15/09/2025
48575443489822AD,15/09/2025
485754438EC1CFAD,15/09/2025
485754432D5042AF,15/09/2025
48575443791C90AD,15/09/2025
48575443B82779AA,15/09/2025
48575443A2012AAA,15/09/2025
485754430F67F1AA,15/09/2025
48575443A3D097AA,15/09/2025
48575443AAE79CAA,15/09/2025
48575443A43A75AA,15/09/2025
48575443B8AEE8AA,15/09/2025
48575443B0C59BAC,15/09/2025
48575443EC5BF7AC,15/09/2025
485754431CFD8CAC,15/09/2025
485754431ED564AA,15/09/2025
48575443B97A59AA,15/09/2025
48575443E9AAB4AB,15/09/2025
48575443E0F2C9AA,15/09/2025
48575443A3CAE6AA,15/09/2025
48575443083BA7AA,15/09/2025
48575443E0CA70AA,15/09/2025
48575443A34C39AA,15/09/2025
485754431F003BAA,15/09/2025
4857544380447FAA,15/09/2025
48575443B8BC6AAA,15/09/2025
48575443B97823AA,15/09/2025
48575443EE4244AB,15/09/2025
48575443AB3684AA,15/09/2025
485754438250B0AD,15/09/2025
48575443B15321AC,15/09/2025
48575443F461B5AC,15/09/2025
48575443B13E97AC,15/09/2025
48575443B0BF5CAC,15/09/2025
48575443B8A9DCAA,15/09/2025
48575443B0B76CAC,15/09/2025
4857544311DDE8AC,15/09/2025
48575443B3B419AC,15/09/2025
485754430F9F37AA,15/09/2025
48575443ADEBFDAC,15/09/2025
485754431BDCEFAA,15/09/2025
485754437F9FE2AD,15/09/2025
48575443EC5F78AC,15/09/2025
48575443E92130AB,15/09/2025
48575443D21DEFAB,15/09/2025
4857544326CE8CAD,15/09/2025
48575443829059AA,15/09/2025
48575443B0B741AC,15/09/2025
4857544307E31CAA,15/09/2025
485754431C033BAA,15/09/2025
48575443AB40BDAA,15/09/2025
48575443B14D38AC,15/09/2025
48575443B8D88BAA,15/09/2025
48575443FC109AAC,15/09/2025
485754430C6189AA,15/09/2025
48575443B15759AC,15/09/2025
48575443ADEC17AC,15/09/2025
48575443F45C03AC,15/09/2025
485754430A7E59AA,15/09/2025
485754431EC6EAAA,15/09/2025
48575443B152D8AC,15/09/2025
48575443B83A0DAA,15/09/2025
485754437F9F57AD,15/09/2025
485754431CECC8AA,15/09/2025
485754430FA028AA,15/09/2025
48575443B708D3AA,15/09/2025
48575443B0BD66AC,15/09/2025
48575443B13E28AC,15/09/2025
4857544313DE0FAD,15/09/2025
48575443F45E90AC,15/09/2025
48575443B1583AAC,15/09/2025
48575443B15317AC,15/09/2025
485754432FA493AD,15/09/2025
48575443B14C7CAC,15/09/2025
48575443B0B4CEAC,15/09/2025
485754438289DBAA,15/09/2025
485754431EFE85AA,15/09/2025
485754431C438BAA,15/09/2025
48575443B0C13AAC,15/09/2025
48575443B14388AC,15/09/2025
48575443EDE100AC,15/09/2025
48575443FC14F5AC,15/09/2025
48575443E41920AD,15/09/2025
48575443ADF59BAC,15/09/2025
48575443D23035AB,15/09/2025
48575443E45F54AD,15/09/2025
48575443F45858AC,15/09/2025
48575443B14D8AAC,15/09/2025
485754431F1D74AA,15/09/2025
4857544326D41BAD,15/09/2025
48575443B0B640AC,15/09/2025
4857544326C6B2AD,15/09/2025
48575443FC105CAC,15/09/2025
485754430AFAC7AA,15/09/2025
48575443E75773AA,15/09/2025
48575443AB12B7AA,15/09/2025
4857544307E8FDAA,15/09/2025
48575443B0B1A7AC,15/09/2025
48575443B0AE5EAC,15/09/2025
485754431BD4CBAA,15/09/2025
4857544379052CAD,15/09/2025
48575443FC2DCEAC,15/09/2025
48575443FC14D4AC,15/09/2025
48575443097839AA,15/09/2025
48575443B95362AA,15/09/2025
485754430C4B27AA,15/09/2025
485754430F1613AA,15/09/2025
485754430C688FAA,15/09/2025
48575443EDE127AC,15/09/2025
48575443B94FDAAA,15/09/2025
48575443B98610AA,15/09/2025
48575443FA611DAC,15/09/2025
48575443B3B8B9AC,15/09/2025
4857544326D00DAD,15/09/2025
48575443B3B8BDAC,15/09/2025
485754431D038EAA,15/09/2025
48575443A3D236AA,15/09/2025
48575443AB291BAA,15/09/2025
485754432FAB42AD,15/09/2025
485754430E5DC5AA,15/09/2025
485754430AF706AA,15/09/2025
48575443DEDEBDAA,15/09/2025
48575443A44ABEAA,15/09/2025
48575443E907DDAB,15/09/2025
48575443B96F30AA,15/09/2025
48575443A1C9F0AA,15/09/2025
4857544384D26EAA,15/09/2025
4857544326CCBBAD,15/09/2025
48575443E8FA3BAB,15/09/2025
48575443B89B7CAA,15/09/2025
48575443D244BAAB,15/09/2025
4857544321B57CA3,15/09/2025
4857544326C799AD,15/09/2025
48575443E3EBA9AD,15/09/2025
485754431C02F5AA,15/09/2025
4857544308471BAA,15/09/2025
48575443EE536EAB,15/09/2025
4857544308E585AA,15/09/2025
48575443DF5AEFAD,15/09/2025
485754431BBDABAA,15/09/2025
4857544308D5B6AA,15/09/2025
48575443B0A41DAC,15/09/2025
485754431BBD0FAA,15/09/2025
48575443A3EE96AA,15/09/2025
48575443B0C0BFAC,15/09/2025
485754431CD52DAA,15/09/2025
48575443B15286AC,15/09/2025
48575443FA66F5AC,15/09/2025
485754431BB38DAA,15/09/2025
48575443B1577DAC,15/09/2025
48575443B0B4A7AC,15/09/2025
48575443A348B9AA,15/09/2025
4857544326CF6EAD,15/09/2025
48575443B15307AC,15/09/2025
48575443EE56F9AB,15/09/2025
48575443B14C40AC,15/09/2025
48575443FC0F9EAC,15/09/2025
48575443DEE2BDAA,15/09/2025
485754430C58C9AA,15/09/2025
485754431cfddaaa,15/09/2025
485754430819a0aa,15/09/2025
48575443aaeda4aa,15/09/2025
48575443e8a27fab,15/09/2025
485754430c6c72aa,15/09/2025
485754430f7245aa,15/09/2025
48575443aad016aa,15/09/2025
48575443aaa13faa,15/09/2025
48575443e8fddfab,15/09/2025
485754432fa2bdad,15/09/2025
485754430f6ff2aa,15/09/2025
485754434900dfad,15/09/2025
485754430f6f32aa,15/09/2025
48575443aa9e87aa,15/09/2025
48575443b0b3e6ab,15/09/2025
485754431f1d51aa,15/09/2025
48575443e44502ad,15/09/2025
4857544308450aaa,15/09/2025
485754430c4e24aa,15/09/2025
4857544381fc8aad,15/09/2025
485754438eb2f0ad,15/09/2025
485754430a92eeaa,15/09/2025
48575443ab1265aa,15/09/2025
48575443a1f29eaa,15/09/2025
48575443a1da44aa,15/09/2025
485754431f0144aa,15/09/2025
48575443b8d8acaa,15/09/2025
4857544308ecc9aa,15/09/2025
4857544381f74cad,15/09/2025
48575443e3e5e3ad,15/09/2025
48575443b9709aaa,15/09/2025
48575443ab3c61aa,15/09/2025
4857544308d7e5aa,15/09/2025
48575443a44b0baa,15/09/2025
48575443e40f3bad,15/09/2025
485754431ef4c5aa,15/09/2025
4857544384dbc8aa,15/09/2025
485754430e4d1caa,15/09/2025
48575443b0c08bab,15/09/2025
485754431ed95caa,15/09/2025
485754430c4a98aa,15/09/2025
485754431bf45daa,15/09/2025
48575443e9029dab,15/09/2025
485754438ec380ad,15/09/2025
4857544384db07aa,15/09/2025
485754431efb7caa,15/09/2025
485754430977ceaa,15/09/2025
485754431d2f91aa,15/09/2025
48575443debedeaa,15/09/2025
48575443aa9df5aa,15/09/2025
48575443804d8faa,15/09/2025
48575443084000aa,15/09/2025
48575443e406a1ad,15/09/2025
4857544307ddbfaa,15/09/2025
48575443a3ab6eaa,15/09/2025
485754430c71d6aa,15/09/2025
48575443b8a1feaa,15/09/2025
48575443a44b85aa,15/09/2025
485754431cf673aa,15/09/2025
485754431be6d8aa,15/09/2025
48575443aaec04aa,15/09/2025
48575443a3ec13aa,15/09/2025
48575443b8be42aa,15/09/2025
48575443824714ad,15/09/2025
48575443824a1fad,15/09/2025
485754430fbdbfaa,15/09/2025
48575443a2018daa,15/09/2025
48575443ab1391aa,15/09/2025
485754431edea9aa,15/09/2025
48575443aaa18daa,15/09/2025
48575443a1e9c7aa,15/09/2025
485754437a35a0ad,15/09/2025
48575443e447e9ad,15/09/2025
48575443b96a96aa,15/09/2025
4857544378f40fad,15/09/2025
48575443adb00dab,15/09/2025
48575443a32b33aa,15/09/2025
48575443b70141aa,15/09/2025
485754431c4f46aa,15/09/2025
4857544380440aaa,15/09/2025
485754431bd897aa,15/09/2025
48575443b6fdb2aa,15/09/2025
485754431c35baaa,15/09/2025
48575443b0151dab,15/09/2025
48575443804c34aa,15/09/2025
485754437f9f5fad,15/09/2025
48575443e43e77ad,15/09/2025
48575443a23138aa,15/09/2025
4857544308ee83aa,15/09/2025
485754431407d7ac,15/09/2025
48575443b0a850ac,15/09/2025
48575443b82846aa,15/09/2025
485754430b1740aa,15/09/2025
485754431cfa92aa,15/09/2025
48575443df5027ad,15/09/2025
48575443b7384baa,15/09/2025
485754438f0399ad,15/09/2025
48575443ab43caaa,15/09/2025
48575443aae1a0aa,15/09/2025
48575443e432a0ad,15/09/2025
48575443977ff2ad,15/09/2025
485754430f5c31aa,15/09/2025
485754438eeeb1ad,15/09/2025
485754430f8194aa,15/09/2025
48575443b146b8ac,15/09/2025
48575443b97b66aa,15/09/2025
48575443b72118aa,15/09/2025
485754430810cbaa,15/09/2025
4857544313FB3FAC,15/09/2025
485754430fb2fdaa,15/09/2025
485754430b2265aa,15/09/2025
485754431ee387aa,15/09/2025
48575443b7025daa,15/09/2025
48575443a3aa6caa,15/09/2025
48575443df50f9ad,15/09/2025
48575443e906e9ab,15/09/2025
485754431512e4ac,15/09/2025
485754430e5b53aa,15/09/2025
4857544311d5e2ac,15/09/2025
485754437920a0ad,15/09/2025
48575443e415e9ad,15/09/2025
4857544382102fad,15/09/2025
48575443140a0dac,15/09/2025
485754437f9dc2ad,15/09/2025
48575443e3f82bad,15/09/2025
48575443824417ad,15/09/2025
485754431ecad3aa,15/09/2025
48575443490625ad,15/09/2025
48575443e8a504ab,15/09/2025
48575443d240f8ab,15/09/2025
485754431d39c6aa,15/09/2025
48575443e8ec61ab,15/09/2025
48575443AB4057AA,15/09/2025
48575443e41440ad,15/09/2025
48575443ee56ecab,15/09/2025
48575443096e94aa,15/09/2025
485754431c40bfaa,15/09/2025
4857544308c108aa,15/09/2025
485754430f2d92aa,15/09/2025
485754434890e7ad,15/09/2025
48575443b006afab,15/09/2025
48575443e0a915aa,15/09/2025
48575443823805ad,15/09/2025
48575443b0c0eaab,15/09/2025
485754431ec08aaa,15/09/2025
48575443e7727faa,15/09/2025
485754430e5b24aa,15/09/2025
485754437922d2ad,15/09/2025
48575443098c68aa,15/09/2025
48575443e898a1ab,15/09/2025
485754430e5a08aa,15/09/2025
4857544384dda9aa,15/09/2025
485754431ebe60aa,15/09/2025
48575443a1c2a7aa,15/09/2025
485754430e6a45aa,15/09/2025
485754437900C4AD,15/09/2025
48575443b89b0daa,15/09/2025
485754431c36c1aa,15/09/2025
48575443824363ad,15/09/2025
48575443e8a7c2ab,15/09/2025
4857544311d61aac,15/09/2025
48575443b025f7ab,15/09/2025
48575443deecbfaa,15/09/2025
485754431eca78aa,15/09/2025
48575443e413e1ad,15/09/2025
48575443e92d4cab,15/09/2025
485754431c11d7aa,15/09/2025
48575443aab9f9aa,15/09/2025
48575443b669e0aa,15/09/2025
48575443820d69ad,15/09/2025
485754430b2dd6aa,15/09/2025
485754430c3c62aa,15/09/2025
48575443dea601aa,15/09/2025
48575443e9b493ab,15/09/2025
48575443098762aa,15/09/2025
48575443b841f3aa,15/09/2025
485754431ed9f1aa,15/09/2025
48575443e9b0b3ab,15/09/2025
485754430989cfaa,15/09/2025
485754438296f4aa,15/09/2025
48575443b0c5fdab,15/09/2025
485754430815a2aa,15/09/2025
48575443e9832fab,15/09/2025
48575443f46212ac,15/09/2025
4857544381fe6fad,15/09/2025
48575443101fa0ac,15/09/2025
48575443b95119aa,15/09/2025
48575443e9ad90ab,15/09/2025
4857544307e72caa,15/09/2025
48575443B0BC6CAC,15/09/2025
48575443e0cd58aa,15/09/2025
48575443e8f444ab,15/09/2025
4857544382a27faa,15/09/2025
4857544384cf58aa,15/09/2025
485754430b205aaa,15/09/2025
48575443978103ad,15/09/2025
485754430afe10aa,15/09/2025
48575443e449caad,15/09/2025
48575443b94da8aa,15/09/2025
48575443e45adaad,15/09/2025
48575443e43982ad,15/09/2025
48575443082f3aaa,15/09/2025
48575443e3ff21ad,15/09/2025
485754430f6477aa,15/09/2025
48575443b7bf19aa,15/09/2025
48575443097712aa,15/09/2025
48575443e43a0aad,15/09/2025
48575443a3c693aa,15/09/2025
48575443150a61ac,15/09/2025
485754430c69c4aa,15/09/2025
48575443096d44aa,15/09/2025
